"","sci_name","taxonid","kingdom","phylum","class","order","family","genus","main_common_name","authority","disp_dist_m"
"1","Abarema barbouriana",22484069,"PLANTAE","TRACHEOPHYTA","MAGNOLIOPSIDA","FABALES","FABACEAE","Abarema",NA,"(Standl.) Barneby & J.W.Grimes",1000
"2","Abarema jupunba",144254416,"PLANTAE","TRACHEOPHYTA","MAGNOLIOPSIDA","FABALES","FABACEAE","Abarema",NA,"(Willd.) Britton &amp; Killip",1000
"3","Acalypha diversifolia",150117801,"PLANTAE","TRACHEOPHYTA","MAGNOLIOPSIDA","MALPIGHIALES","EUPHORBIACEAE","Acalypha",NA,"Jacq.",1000
"4","Acalypha macrostachya",146790439,"PLANTAE","TRACHEOPHYTA","MAGNOLIOPSIDA","MALPIGHIALES","EUPHORBIACEAE","Acalypha",NA,"Jacq.",1000
"5","Acalypha platyphylla",189172804,"PLANTAE","TRACHEOPHYTA","MAGNOLIOPSIDA","MALPIGHIALES","EUPHORBIACEAE","Acalypha",NA,"Müll.Arg.",1000
"6","Acalypha schiedeana",144287050,"PLANTAE","TRACHEOPHYTA","MAGNOLIOPSIDA","MALPIGHIALES","EUPHORBIACEAE","Acalypha",NA,"Schltdl.",1000
"7","Acalypha villosa",149206660,"PLANTAE","TRACHEOPHYTA","MAGNOLIOPSIDA","MALPIGHIALES","EUPHORBIACEAE","Acalypha",NA,"Jacq.",1000
"8","Adelia triloba",150000213,"PLANTAE","TRACHEOPHYTA","MAGNOLIOPSIDA","MALPIGHIALES","EUPHORBIACEAE","Adelia",NA,"(Müll.Arg.) Hemsl.",1000
"9","Adenaria floribunda",135868152,"PLANTAE","TRACHEOPHYTA","MAGNOLIOPSIDA","MYRTALES","LYTHRACEAE","Adenaria",NA,"Kunth",1000
"10","Aegiphila elata",203637507,"PLANTAE","TRACHEOPHYTA","MAGNOLIOPSIDA","LAMIALES","LAMIACEAE","Aegiphila",NA,"Sw.",1000
"11","Aegiphila integrifolia",151974556,"PLANTAE","TRACHEOPHYTA","MAGNOLIOPSIDA","LAMIALES","LAMIACEAE","Aegiphila",NA,"(Jacq.) B.D.Jacks.",1000
"12","Aegiphila laeta",151944220,"PLANTAE","TRACHEOPHYTA","MAGNOLIOPSIDA","LAMIALES","LAMIACEAE","Aegiphila",NA,"Kunth",1000
"13","Aegiphila mollis",150009533,"PLANTAE","TRACHEOPHYTA","MAGNOLIOPSIDA","LAMIALES","LAMIACEAE","Aegiphila",NA,"Kunth",1000
"14","Aegiphila novogranatensis",158692725,"PLANTAE","TRACHEOPHYTA","MAGNOLIOPSIDA","LAMIALES","LAMIACEAE","Aegiphila",NA,"Moldenke",1000
"15","Aegiphila truncata",164867159,"PLANTAE","TRACHEOPHYTA","MAGNOLIOPSIDA","LAMIALES","LAMIACEAE","Aegiphila","Mantequillo","Moldenke",1000
"16","Albizia carbonaria",129105602,"PLANTAE","TRACHEOPHYTA","MAGNOLIOPSIDA","FABALES","FABACEAE","Albizia",NA,"Britton",1000
"17","Albizia niopoides",62475,"PLANTAE","TRACHEOPHYTA","MAGNOLIOPSIDA","FABALES","FABACEAE","Albizia",NA,"(Bentham) Burkart",1000
"18","Alchornea discolor",179302244,"PLANTAE","TRACHEOPHYTA","MAGNOLIOPSIDA","MALPIGHIALES","EUPHORBIACEAE","Alchornea",NA,"Poepp.",1000
"19","Alchornea glandulosa",145689195,"PLANTAE","TRACHEOPHYTA","MAGNOLIOPSIDA","MALPIGHIALES","EUPHORBIACEAE","Alchornea",NA,"Poepp.",1000
"20","Alchornea grandiflora",145703780,"PLANTAE","TRACHEOPHYTA","MAGNOLIOPSIDA","MALPIGHIALES","EUPHORBIACEAE","Alchornea",NA,"Müll.Arg.",1000
"21","Alchornea latifolia",136793437,"PLANTAE","TRACHEOPHYTA","MAGNOLIOPSIDA","MALPIGHIALES","EUPHORBIACEAE","Alchornea",NA,"Sw.",1000
"22","Alchornea triplinervia",60759001,"PLANTAE","TRACHEOPHYTA","MAGNOLIOPSIDA","MALPIGHIALES","EUPHORBIACEAE","Alchornea",NA,"(Spreng.) Müll.Arg.",1000
"23","Alibertia edulis",150111913,"PLANTAE","TRACHEOPHYTA","MAGNOLIOPSIDA","GENTIANALES","RUBIACEAE","Alibertia",NA,"(Rich.) A.Rich. ex DC.",1000
"24","Allophylus amazonicus",145658750,"PLANTAE","TRACHEOPHYTA","MAGNOLIOPSIDA","SAPINDALES","SAPINDACEAE","Allophylus",NA,"(Mart.) Radlk.",300
"25","Allophylus racemosus",150114378,"PLANTAE","TRACHEOPHYTA","MAGNOLIOPSIDA","SAPINDALES","SAPINDACEAE","Allophylus",NA,"Sw.",300
"26","Alseis blackiana",215062886,"PLANTAE","TRACHEOPHYTA","MAGNOLIOPSIDA","GENTIANALES","RUBIACEAE","Alseis","Mameicillo","Hemsl.",1000
"27","Alternanthera sessilis",164480,"PLANTAE","TRACHEOPHYTA","MAGNOLIOPSIDA","CARYOPHYLLALES","AMARANTHACEAE","Alternanthera","Sessile Joyweed","(L.) R.Br. ex DC.",1000
"28","Amaioua guianensis",179315435,"PLANTAE","TRACHEOPHYTA","MAGNOLIOPSIDA","GENTIANALES","RUBIACEAE","Amaioua",NA,"Aubl.",1000
"29","Ampelocera edentula",179289717,"PLANTAE","TRACHEOPHYTA","MAGNOLIOPSIDA","ROSALES","ULMACEAE","Ampelocera",NA,"Kuhlm.",1000
"30","Ampelocera macphersonii",151273316,"PLANTAE","TRACHEOPHYTA","MAGNOLIOPSIDA","ROSALES","ULMACEAE","Ampelocera",NA,"Todzia",1000
"31","Amyris pinnata",150011123,"PLANTAE","TRACHEOPHYTA","MAGNOLIOPSIDA","SAPINDALES","RUTACEAE","Amyris",NA,"Kunth",300
"32","Anadenanthera peregrina",144262459,"PLANTAE","TRACHEOPHYTA","MAGNOLIOPSIDA","FABALES","FABACEAE","Anadenanthera",NA,"(L.) Speg.",1000
"33","Andira inermis",60761659,"PLANTAE","TRACHEOPHYTA","MAGNOLIOPSIDA","FABALES","FABACEAE","Andira","Cabbage Tree","(Wright) DC.",1000
"34","Andira surinamensis",144275633,"PLANTAE","TRACHEOPHYTA","MAGNOLIOPSIDA","FABALES","FABACEAE","Andira",NA,"(Bondt) Splitg. ex Pulle",1000
"35","Andira taurotesticulata",129105607,"PLANTAE","TRACHEOPHYTA","MAGNOLIOPSIDA","FABALES","FABACEAE","Andira","Cojones de Toro","R.T.Penn.",1000
"36","Aparisthmium cordatum",150004558,"PLANTAE","TRACHEOPHYTA","MAGNOLIOPSIDA","MALPIGHIALES","EUPHORBIACEAE","Aparisthmium",NA,"(A.Juss.) Baill.",1000
"37","Apeiba tibourbou",144314871,"PLANTAE","TRACHEOPHYTA","MAGNOLIOPSIDA","MALVALES","MALVACEAE","Apeiba",NA,"Aubl.",1000
"38","Apuleia leiocarpa",61220263,"PLANTAE","TRACHEOPHYTA","MAGNOLIOPSIDA","FABALES","FABACEAE","Apuleia","Anacaspi","(Vogel) J.F.Macbr.",1000
"39","Aralia excelsa",176099132,"PLANTAE","TRACHEOPHYTA","MAGNOLIOPSIDA","APIALES","ARALIACEAE","Aralia","Cedro macho","(Griseb.) J.Wen",300
"40","Ardisia foetida",151214924,"PLANTAE","TRACHEOPHYTA","MAGNOLIOPSIDA","ERICALES","PRIMULACEAE","Ardisia",NA,"Willd. ex Roem. &amp; Schult.",1000
"41","Ardisia guianensis",146766772,"PLANTAE","TRACHEOPHYTA","MAGNOLIOPSIDA","ERICALES","PRIMULACEAE","Ardisia",NA,"(Aubl.) Mez",1000
"42","Aspidosperma cuspa",135867670,"PLANTAE","TRACHEOPHYTA","MAGNOLIOPSIDA","GENTIANALES","APOCYNACEAE","Aspidosperma",NA,"(Kunth) S.F.Blake ex Pittier",300
"43","Aspidosperma desmanthum",61360716,"PLANTAE","TRACHEOPHYTA","MAGNOLIOPSIDA","GENTIANALES","APOCYNACEAE","Aspidosperma",NA,"Benth. ex Müll.Arg.",300
"44","Aspidosperma megalocarpon",34746,"PLANTAE","TRACHEOPHYTA","MAGNOLIOPSIDA","GENTIANALES","APOCYNACEAE","Aspidosperma",NA,"Müll.Arg.",300
"45","Baccharis latifolia",42532611,"PLANTAE","TRACHEOPHYTA","MAGNOLIOPSIDA","ASTERALES","ASTERACEAE","Baccharis",NA,"Pers.",1000
"46","Baccharis nitida",192375554,"PLANTAE","TRACHEOPHYTA","MAGNOLIOPSIDA","ASTERALES","ASTERACEAE","Baccharis",NA,"(Ruiz &amp; Pav.) Pers.",1000
"47","Banara guianensis",151217242,"PLANTAE","TRACHEOPHYTA","MAGNOLIOPSIDA","MALPIGHIALES","SALICACEAE","Banara",NA,"Aubl.",3000
"48","Bauhinia aculeata",135866869,"PLANTAE","TRACHEOPHYTA","MAGNOLIOPSIDA","FABALES","FABACEAE","Bauhinia",NA,"L.",1000
"49","Bauhinia petiolata",151943994,"PLANTAE","TRACHEOPHYTA","MAGNOLIOPSIDA","FABALES","FABACEAE","Bauhinia",NA,"(Mutis ex DC.) Triana ex Hook.",1000
"50","Bauhinia picta",37851,"PLANTAE","TRACHEOPHYTA","MAGNOLIOPSIDA","FABALES","FABACEAE","Bauhinia","Palo de Orquídeas","(Kunth) DC.",1000
"51","Bauhinia ungulata",146787040,"PLANTAE","TRACHEOPHYTA","MAGNOLIOPSIDA","FABALES","FABACEAE","Bauhinia",NA,"L.",1000
"52","Bejaria aestuans",136787839,"PLANTAE","TRACHEOPHYTA","MAGNOLIOPSIDA","ERICALES","ERICACEAE","Bejaria",NA,"Mutis ex L.",1000
"53","Boehmeria caudata",136778747,"PLANTAE","TRACHEOPHYTA","MAGNOLIOPSIDA","ROSALES","URTICACEAE","Boehmeria",NA,"Sw.",1000
"54","Bonellia frutescens",206143306,"PLANTAE","TRACHEOPHYTA","MAGNOLIOPSIDA","ERICALES","PRIMULACEAE","Bonellia","Barbasco","(Mill.) B.Ståhl &amp; Källersjö",1000
"55","Bowdichia virgilioides",62021373,"PLANTAE","TRACHEOPHYTA","MAGNOLIOPSIDA","FABALES","FABACEAE","Bowdichia",NA,"Kunth",1000
"56","Bredemeyera floribunda",179279185,"PLANTAE","TRACHEOPHYTA","MAGNOLIOPSIDA","FABALES","POLYGALACEAE","Bredemeyera",NA,"Willd.",1000
"57","Brownea coccinea",144278214,"PLANTAE","TRACHEOPHYTA","MAGNOLIOPSIDA","FABALES","FABACEAE","Brownea",NA,"Jacq.",1000
"58","Brownea stenantha",153330384,"PLANTAE","TRACHEOPHYTA","MAGNOLIOPSIDA","FABALES","FABACEAE","Brownea",NA,"Britton &amp; Killip",1000
"59","Buddleja americana",150120590,"PLANTAE","TRACHEOPHYTA","MAGNOLIOPSIDA","LAMIALES","SCROPHULARIACEAE","Buddleja",NA,"L.",1000
"60","Caesalpinia cassioides",194004838,"PLANTAE","TRACHEOPHYTA","MAGNOLIOPSIDA","FABALES","FABACEAE","Caesalpinia",NA,"Willd.",1000
"61","Caesalpinia pulcherrima",130102665,"PLANTAE","TRACHEOPHYTA","MAGNOLIOPSIDA","FABALES","FABACEAE","Caesalpinia",NA,"(L.) Sw.",1000
"62","Calea sessiliflora",203441832,"PLANTAE","TRACHEOPHYTA","MAGNOLIOPSIDA","ASTERALES","ASTERACEAE","Calea","Carrasposa","Less.",1000
"63","Calliandra coriacea",146790106,"PLANTAE","TRACHEOPHYTA","MAGNOLIOPSIDA","FABALES","FABACEAE","Calliandra",NA,"(Humb. &amp; Bonpl. ex Willd.) Benth.",1000
"64","Calliandra magdalenae",150004024,"PLANTAE","TRACHEOPHYTA","MAGNOLIOPSIDA","FABALES","FABACEAE","Calliandra",NA,"(Bertero ex DC.) Benth.",1000
"65","Calliandra pittieri",129738968,"PLANTAE","TRACHEOPHYTA","MAGNOLIOPSIDA","FABALES","FABACEAE","Calliandra","Carbonero","Standl.",1000
"66","Calliandra trinervia",150008487,"PLANTAE","TRACHEOPHYTA","MAGNOLIOPSIDA","FABALES","FABACEAE","Calliandra",NA,"Benth.",1000
"67","Callicarpa acuminata",146785732,"PLANTAE","TRACHEOPHYTA","MAGNOLIOPSIDA","LAMIALES","LAMIACEAE","Callicarpa",NA,"Kunth",1000
"68","Calotropis procera",19181123,"PLANTAE","TRACHEOPHYTA","MAGNOLIOPSIDA","GENTIANALES","APOCYNACEAE","Calotropis","Apple of Sodom","(Aiton) Dryand.",300
"69","Calycophyllum candidissimum",61957677,"PLANTAE","TRACHEOPHYTA","MAGNOLIOPSIDA","GENTIANALES","RUBIACEAE","Calycophyllum",NA,"(Vahl) DC.",1000
"70","Canavalia rosea",65899681,"PLANTAE","TRACHEOPHYTA","MAGNOLIOPSIDA","FABALES","FABACEAE","Canavalia","Beach Bean","(Sw.) DC.",1000
"71","Capsicum annuum",100895534,"PLANTAE","TRACHEOPHYTA","MAGNOLIOPSIDA","SOLANALES","SOLANACEAE","Capsicum","Bell Pepper","L.",300
"72","Capsicum rhomboideum",107659536,"PLANTAE","TRACHEOPHYTA","MAGNOLIOPSIDA","SOLANALES","SOLANACEAE","Capsicum",NA,"(Dunal) Kuntze",300
"73","Cardiospermum halicacabum",82412344,"PLANTAE","TRACHEOPHYTA","MAGNOLIOPSIDA","SAPINDALES","SAPINDACEAE","Cardiospermum","Balloon vine","L.",300
"74","Cascabela thevetia",146789945,"PLANTAE","TRACHEOPHYTA","MAGNOLIOPSIDA","GENTIANALES","APOCYNACEAE","Cascabela",NA,"(L.) Lippold",300
"75","Casearia aculeata",62100951,"PLANTAE","TRACHEOPHYTA","MAGNOLIOPSIDA","MALPIGHIALES","SALICACEAE","Casearia","Cockspur","Jacq.",3000
"76","Casearia arborea",150102735,"PLANTAE","TRACHEOPHYTA","MAGNOLIOPSIDA","MALPIGHIALES","SALICACEAE","Casearia",NA,"(Rich.) Urb.",3000
"77","Casearia combaymensis",151829247,"PLANTAE","TRACHEOPHYTA","MAGNOLIOPSIDA","MALPIGHIALES","SALICACEAE","Casearia",NA,"Tul.",3000
"78","Casearia corymbosa",176009479,"PLANTAE","TRACHEOPHYTA","MAGNOLIOPSIDA","MALPIGHIALES","SALICACEAE","Casearia",NA,"Kunth",3000
"79","Casearia decandra",208122817,"PLANTAE","TRACHEOPHYTA","MAGNOLIOPSIDA","MALPIGHIALES","SALICACEAE","Casearia",NA,"Jacq.",3000
"80","Casearia grandiflora",179288812,"PLANTAE","TRACHEOPHYTA","MAGNOLIOPSIDA","MALPIGHIALES","SALICACEAE","Casearia",NA,"Cambess.",3000
"81","Casearia guianensis",208122942,"PLANTAE","TRACHEOPHYTA","MAGNOLIOPSIDA","MALPIGHIALES","SALICACEAE","Casearia",NA,"(Aubl.) Urb.",3000
"82","Casearia mariquitensis",151829481,"PLANTAE","TRACHEOPHYTA","MAGNOLIOPSIDA","MALPIGHIALES","SALICACEAE","Casearia",NA,"Kunth",3000
"83","Casearia praecox",61959669,"PLANTAE","TRACHEOPHYTA","MAGNOLIOPSIDA","MALPIGHIALES","SALICACEAE","Casearia",NA,"Griseb.",3000
"84","Casearia sylvestris",136778457,"PLANTAE","TRACHEOPHYTA","MAGNOLIOPSIDA","MALPIGHIALES","SALICACEAE","Casearia",NA,"Sw.",3000
"85","Casearia ulmifolia",146066661,"PLANTAE","TRACHEOPHYTA","MAGNOLIOPSIDA","MALPIGHIALES","SALICACEAE","Casearia",NA,"Vahl ex Vent.",3000
"86","Casearia zizyphoides",145578440,"PLANTAE","TRACHEOPHYTA","MAGNOLIOPSIDA","MALPIGHIALES","SALICACEAE","Casearia",NA,"Kunth",3000
"87","Cassia fistula",136142327,"PLANTAE","TRACHEOPHYTA","MAGNOLIOPSIDA","FABALES","FABACEAE","Cassia",NA,"L.",1000
"88","Cassia grandis",144277575,"PLANTAE","TRACHEOPHYTA","MAGNOLIOPSIDA","FABALES","FABACEAE","Cassia",NA,"L.f.",1000
"89","Cassia moschata",129738981,"PLANTAE","TRACHEOPHYTA","MAGNOLIOPSIDA","FABALES","FABACEAE","Cassia","Bronze Shower Tree","Kunth",1000
"90","Cavanillesia platanifolia",34748,"PLANTAE","TRACHEOPHYTA","MAGNOLIOPSIDA","MALVALES","MALVACEAE","Cavanillesia","Hamelí","(Bonpl.) Kunth",1000
"91","Cecropia angustifolia",152001040,"PLANTAE","TRACHEOPHYTA","MAGNOLIOPSIDA","ROSALES","URTICACEAE","Cecropia","Guarumo","Trécul",1000
"92","Cecropia engleriana",145590058,"PLANTAE","TRACHEOPHYTA","MAGNOLIOPSIDA","ROSALES","URTICACEAE","Cecropia",NA,"Snethl.",1000
"93","Cecropia membranacea",145590356,"PLANTAE","TRACHEOPHYTA","MAGNOLIOPSIDA","ROSALES","URTICACEAE","Cecropia",NA,"Trécul",1000
"94","Cecropia obtusifolia",219964819,"PLANTAE","TRACHEOPHYTA","MAGNOLIOPSIDA","ROSALES","URTICACEAE","Cecropia","Guaruma De Pava","Bertol.",1000
"95","Cecropia peltata",61967634,"PLANTAE","TRACHEOPHYTA","MAGNOLIOPSIDA","ROSALES","URTICACEAE","Cecropia",NA,"L.",1000
"96","Ceiba pentandra",61782438,"PLANTAE","TRACHEOPHYTA","MAGNOLIOPSIDA","MALVALES","MALVACEAE","Ceiba",NA,"(L.) Gaertn.",1000
"97","Celosia argentea",136637216,"PLANTAE","TRACHEOPHYTA","MAGNOLIOPSIDA","CARYOPHYLLALES","AMARANTHACEAE","Celosia",NA,"L.",1000
"98","Centrolobium paraense",62021645,"PLANTAE","TRACHEOPHYTA","MAGNOLIOPSIDA","FABALES","FABACEAE","Centrolobium",NA,"Tul.",1000
"99","Centrosema macrocarpum",19891502,"PLANTAE","TRACHEOPHYTA","MAGNOLIOPSIDA","FABALES","FABACEAE","Centrosema",NA,"Benth.",1000
"100","Cestrum alternifolium",176095589,"PLANTAE","TRACHEOPHYTA","MAGNOLIOPSIDA","SOLANALES","SOLANACEAE","Cestrum",NA,"(Jacq.) O.E.Schulz",300
"101","Cestrum latifolium",146115438,"PLANTAE","TRACHEOPHYTA","MAGNOLIOPSIDA","SOLANALES","SOLANACEAE","Cestrum",NA,"Lam.",300
"102","Cestrum mariquitense",146115598,"PLANTAE","TRACHEOPHYTA","MAGNOLIOPSIDA","SOLANALES","SOLANACEAE","Cestrum",NA,"Kunth",300
"103","Cestrum microcalyx",145678955,"PLANTAE","TRACHEOPHYTA","MAGNOLIOPSIDA","SOLANALES","SOLANACEAE","Cestrum",NA,"Francey",300
"104","Cestrum nocturnum",72045868,"PLANTAE","TRACHEOPHYTA","MAGNOLIOPSIDA","SOLANALES","SOLANACEAE","Cestrum","Night-blooming Cestrum","L.",300
"105","Cestrum tomentosum",146119463,"PLANTAE","TRACHEOPHYTA","MAGNOLIOPSIDA","SOLANALES","SOLANACEAE","Cestrum",NA,"L.f.",300
"106","Chamaecrista desvauxii",19892114,"PLANTAE","TRACHEOPHYTA","MAGNOLIOPSIDA","FABALES","FABACEAE","Chamaecrista",NA,"(Collad.) Killip",1000
"107","Chamaecrista nictitans",19893070,"PLANTAE","TRACHEOPHYTA","MAGNOLIOPSIDA","FABALES","FABACEAE","Chamaecrista","Partridge-pea","(L.) Moench",1000
"108","Chiococca alba",56503531,"PLANTAE","TRACHEOPHYTA","MAGNOLIOPSIDA","GENTIANALES","RUBIACEAE","Chiococca",NA,"(L.) Hitchc.",1000
"109","Chiococca belizensis",146782884,"PLANTAE","TRACHEOPHYTA","MAGNOLIOPSIDA","GENTIANALES","RUBIACEAE","Chiococca",NA,"Lundell",1000
"110","Chloroleucon mangense",62490,"PLANTAE","TRACHEOPHYTA","MAGNOLIOPSIDA","FABALES","FABACEAE","Chloroleucon","Guayabillo","(Jacq.) Britton & Rose",1000
"111","Chomelia spinosa",150114589,"PLANTAE","TRACHEOPHYTA","MAGNOLIOPSIDA","GENTIANALES","RUBIACEAE","Chomelia",NA,"Jacq.",1000
"112","Chomelia tenuiflora",145676881,"PLANTAE","TRACHEOPHYTA","MAGNOLIOPSIDA","GENTIANALES","RUBIACEAE","Chomelia",NA,"Benth.",1000
"113","Citharexylum poeppigii",145685484,"PLANTAE","TRACHEOPHYTA","MAGNOLIOPSIDA","LAMIALES","VERBENACEAE","Citharexylum",NA,"Walp.",1000
"114","Clathrotropis macrocarpa",62021691,"PLANTAE","TRACHEOPHYTA","MAGNOLIOPSIDA","FABALES","FABACEAE","Clathrotropis",NA,"Ducke",1000
"115","Clavija mezii",151215527,"PLANTAE","TRACHEOPHYTA","MAGNOLIOPSIDA","ERICALES","PRIMULACEAE","Clavija",NA,"Pittier",1000
"116","Clavija ornata",206267899,"PLANTAE","TRACHEOPHYTA","MAGNOLIOPSIDA","ERICALES","PRIMULACEAE","Clavija",NA,"D.Don",1000
"117","Cleidion castaneifolium",146789024,"PLANTAE","TRACHEOPHYTA","MAGNOLIOPSIDA","MALPIGHIALES","EUPHORBIACEAE","Cleidion",NA,"Müll.Arg.",1000
"118","Clibadium surinamense",135866619,"PLANTAE","TRACHEOPHYTA","MAGNOLIOPSIDA","ASTERALES","ASTERACEAE","Clibadium",NA,"L.",1000
"119","Clitoria dendrina",205716166,"PLANTAE","TRACHEOPHYTA","MAGNOLIOPSIDA","FABALES","FABACEAE","Clitoria","Generala","Pittier",1000
"120","Cnidoscolus urens",150016331,"PLANTAE","TRACHEOPHYTA","MAGNOLIOPSIDA","MALPIGHIALES","EUPHORBIACEAE","Cnidoscolus",NA,"(L.) Arthur",1000
"121","Coccoloba acuminata",150112747,"PLANTAE","TRACHEOPHYTA","MAGNOLIOPSIDA","CARYOPHYLLALES","POLYGONACEAE","Coccoloba",NA,"Kunth",1000
"122","Coccoloba coronata",151945570,"PLANTAE","TRACHEOPHYTA","MAGNOLIOPSIDA","CARYOPHYLLALES","POLYGONACEAE","Coccoloba",NA,"Jacq.",1000
"123","Coccoloba densifrons",145686090,"PLANTAE","TRACHEOPHYTA","MAGNOLIOPSIDA","CARYOPHYLLALES","POLYGONACEAE","Coccoloba",NA,"Mart. ex Meisn.",1000
"124","Coccoloba lehmannii",151950083,"PLANTAE","TRACHEOPHYTA","MAGNOLIOPSIDA","CARYOPHYLLALES","POLYGONACEAE","Coccoloba",NA,"Lindau",1000
"125","Coccoloba obovata",150002316,"PLANTAE","TRACHEOPHYTA","MAGNOLIOPSIDA","CARYOPHYLLALES","POLYGONACEAE","Coccoloba",NA,"Kunth",1000
"126","Coccoloba padiformis",145705791,"PLANTAE","TRACHEOPHYTA","MAGNOLIOPSIDA","CARYOPHYLLALES","POLYGONACEAE","Coccoloba",NA,"Meisn.",1000
"127","Codiaeum variegatum",146095610,"PLANTAE","TRACHEOPHYTA","MAGNOLIOPSIDA","MALPIGHIALES","EUPHORBIACEAE","Codiaeum",NA,"(L.) Rumph. ex A.Juss.",1000
"128","Coffea arabica",18289789,"PLANTAE","TRACHEOPHYTA","MAGNOLIOPSIDA","GENTIANALES","RUBIACEAE","Coffea","Arabica Coffee","L.",1000
"129","Cojoba rufescens",37817,"PLANTAE","TRACHEOPHYTA","MAGNOLIOPSIDA","FABALES","FABACEAE","Cojoba",NA,"(Benth.) Britton & Rose",1000
"130","Condaminea corymbosa",145707574,"PLANTAE","TRACHEOPHYTA","MAGNOLIOPSIDA","GENTIANALES","RUBIACEAE","Condaminea",NA,"(Ruiz &amp; Pav.) DC.",1000
"131","Copaifera pubiflora",144310140,"PLANTAE","TRACHEOPHYTA","MAGNOLIOPSIDA","FABALES","FABACEAE","Copaifera",NA,"Benth.",1000
"132","Cordiera myrciifolia",145660958,"PLANTAE","TRACHEOPHYTA","MAGNOLIOPSIDA","GENTIANALES","RUBIACEAE","Cordiera",NA,"(K.Schum.) Perss. &amp; Delprete",1000
"133","Cornutia odorata",158693429,"PLANTAE","TRACHEOPHYTA","MAGNOLIOPSIDA","LAMIALES","LAMIACEAE","Cornutia",NA,"(Poepp.) Schauer",1000
"134","Cornutia pyramidata",150114088,"PLANTAE","TRACHEOPHYTA","MAGNOLIOPSIDA","LAMIALES","LAMIACEAE","Cornutia",NA,"L.",1000
"135","Cosmibuena grandiflora",150006967,"PLANTAE","TRACHEOPHYTA","MAGNOLIOPSIDA","GENTIANALES","RUBIACEAE","Cosmibuena",NA,"(Ruiz &amp; Pav.) Rusby",1000
"136","Coursetia caribaea",130105549,"PLANTAE","TRACHEOPHYTA","MAGNOLIOPSIDA","FABALES","FABACEAE","Coursetia",NA,"(Jacq.) Lavin",1000
"137","Coursetia ferruginea",144257262,"PLANTAE","TRACHEOPHYTA","MAGNOLIOPSIDA","FABALES","FABACEAE","Coursetia",NA,"(Kunth) Lavin",1000
"138","Coussapoa ovalifolia",189105059,"PLANTAE","TRACHEOPHYTA","MAGNOLIOPSIDA","ROSALES","URTICACEAE","Coussapoa","Urcu Renaco","Trécul",1000
"139","Coussarea paniculata",149999755,"PLANTAE","TRACHEOPHYTA","MAGNOLIOPSIDA","GENTIANALES","RUBIACEAE","Coussarea",NA,"(Willd.) Standl.",1000
"140","Coutarea hexandra",150120172,"PLANTAE","TRACHEOPHYTA","MAGNOLIOPSIDA","GENTIANALES","RUBIACEAE","Coutarea",NA,"(Jacq.) K.Schum.",1000
"141","Critonia morifolia",146792809,"PLANTAE","TRACHEOPHYTA","MAGNOLIOPSIDA","ASTERALES","ASTERACEAE","Critonia",NA,"(Mill.) R.M.King &amp; H.Rob.",1000
"142","Critoniella acuminata",189174433,"PLANTAE","TRACHEOPHYTA","MAGNOLIOPSIDA","ASTERALES","ASTERACEAE","Critoniella",NA,"(Kunth) R.M.King &amp; H.Rob.",1000
"143","Crotalaria micans",19892472,"PLANTAE","TRACHEOPHYTA","MAGNOLIOPSIDA","FABALES","FABACEAE","Crotalaria",NA,"Link",1000
"144","Crotalaria nitens",19892785,"PLANTAE","TRACHEOPHYTA","MAGNOLIOPSIDA","FABALES","FABACEAE","Crotalaria",NA,"Kunth",1000
"145","Croton fragrans",151948540,"PLANTAE","TRACHEOPHYTA","MAGNOLIOPSIDA","MALPIGHIALES","EUPHORBIACEAE","Croton",NA,"Kunth",1000
"146","Croton gossypiifolius",145707681,"PLANTAE","TRACHEOPHYTA","MAGNOLIOPSIDA","MALPIGHIALES","EUPHORBIACEAE","Croton",NA,"Vahl",1000
"147","Croton hibiscifolius",205242362,"PLANTAE","TRACHEOPHYTA","MAGNOLIOPSIDA","MALPIGHIALES","EUPHORBIACEAE","Croton","Palo Blanco","Kunth ex Spreng.",1000
"148","Croton niveus",144299735,"PLANTAE","TRACHEOPHYTA","MAGNOLIOPSIDA","MALPIGHIALES","EUPHORBIACEAE","Croton",NA,"Jacq.",1000
"149","Croton schiedeanus",136784539,"PLANTAE","TRACHEOPHYTA","MAGNOLIOPSIDA","MALPIGHIALES","EUPHORBIACEAE","Croton",NA,"Schltdl.",1000
"150","Croton smithianus",145701166,"PLANTAE","TRACHEOPHYTA","MAGNOLIOPSIDA","MALPIGHIALES","EUPHORBIACEAE","Croton",NA,"Croizat",1000
"151","Cupania americana",208169280,"PLANTAE","TRACHEOPHYTA","MAGNOLIOPSIDA","SAPINDALES","SAPINDACEAE","Cupania",NA,"L.",300
"152","Cupania cinerea",145689469,"PLANTAE","TRACHEOPHYTA","MAGNOLIOPSIDA","SAPINDALES","SAPINDACEAE","Cupania",NA,"Poepp.",300
"153","Cupania latifolia",210248824,"PLANTAE","TRACHEOPHYTA","MAGNOLIOPSIDA","SAPINDALES","SAPINDACEAE","Cupania","Guacharaco","Kunth",300
"154","Cupania scrobiculata",146792684,"PLANTAE","TRACHEOPHYTA","MAGNOLIOPSIDA","SAPINDALES","SAPINDACEAE","Cupania",NA,"Rich.",300
"155","Cybianthus poeppigii",215059111,"PLANTAE","TRACHEOPHYTA","MAGNOLIOPSIDA","ERICALES","PRIMULACEAE","Cybianthus",NA,"Mez",1000
"156","Cynometra bauhiniifolia",151966904,"PLANTAE","TRACHEOPHYTA","MAGNOLIOPSIDA","FABALES","FABACEAE","Cynometra",NA,"Benth.",1000
"157","Dalbergia brownei",62022285,"PLANTAE","TRACHEOPHYTA","MAGNOLIOPSIDA","FABALES","FABACEAE","Dalbergia",NA,"(Jacq.) Urb.",1000
"158","Dalbergia ecastaphyllum",62022448,"PLANTAE","TRACHEOPHYTA","MAGNOLIOPSIDA","FABALES","FABACEAE","Dalbergia",NA,"(L.) Taub.",1000
"159","Dalechampia scandens",158175,"PLANTAE","TRACHEOPHYTA","MAGNOLIOPSIDA","MALPIGHIALES","EUPHORBIACEAE","Dalechampia",NA,"L.",1000
"160","Daphnopsis americana",204731801,"PLANTAE","TRACHEOPHYTA","MAGNOLIOPSIDA","MALVALES","THYMELAEACEAE","Daphnopsis",NA,"(Mill.) J.R.Johnst.",300
"161","Delonix regia",32947,"PLANTAE","TRACHEOPHYTA","MAGNOLIOPSIDA","FABALES","FABACEAE","Delonix","Flame Tree","(Hook.) Raf.",1000
"162","Dendropanax arboreus",61985030,"PLANTAE","TRACHEOPHYTA","MAGNOLIOPSIDA","APIALES","ARALIACEAE","Dendropanax",NA,"(L.) Decne. &amp; Planch.",300
"163","Dendropanax cuneatus",61985058,"PLANTAE","TRACHEOPHYTA","MAGNOLIOPSIDA","APIALES","ARALIACEAE","Dendropanax",NA,"(DC.) Decne. &amp; Planch.",300
"164","Desmanthus virgatus",170656437,"PLANTAE","TRACHEOPHYTA","MAGNOLIOPSIDA","FABALES","FABACEAE","Desmanthus",NA,"(L.) Willd.",1000
"165","Desmodium cajanifolium",130122632,"PLANTAE","TRACHEOPHYTA","MAGNOLIOPSIDA","FABALES","FABACEAE","Desmodium",NA,"(Kunth) DC.",1000
"166","Dilodendron costaricense",151973322,"PLANTAE","TRACHEOPHYTA","MAGNOLIOPSIDA","SAPINDALES","SAPINDACEAE","Dilodendron",NA,"(Radlk.) A.H.Gentry &amp; Steyerm.",300
"167","Dioclea guianensis",19891780,"PLANTAE","TRACHEOPHYTA","MAGNOLIOPSIDA","FABALES","FABACEAE","Dioclea",NA,"Benth.",1000
"168","Dioclea sericea",19891901,"PLANTAE","TRACHEOPHYTA","MAGNOLIOPSIDA","FABALES","FABACEAE","Dioclea",NA,"Kunth",1000
"169","Dodonaea viscosa",66292425,"PLANTAE","TRACHEOPHYTA","MAGNOLIOPSIDA","SAPINDALES","SAPINDACEAE","Dodonaea","Purple Hop-Bush","Jacq.",300
"170","Duranta erecta",145351548,"PLANTAE","TRACHEOPHYTA","MAGNOLIOPSIDA","LAMIALES","VERBENACEAE","Duranta",NA,"L.",1000
"171","Duranta obtusifolia",189171889,"PLANTAE","TRACHEOPHYTA","MAGNOLIOPSIDA","LAMIALES","VERBENACEAE","Duranta",NA,"Kunth",1000
"172","Duranta triacantha",135731845,"PLANTAE","TRACHEOPHYTA","MAGNOLIOPSIDA","LAMIALES","VERBENACEAE","Duranta",NA,"Juss.",1000
"173","Eclipta prostrata",164051,"PLANTAE","TRACHEOPHYTA","MAGNOLIOPSIDA","ASTERALES","ASTERACEAE","Eclipta","False daisy","(L.) L.",1000
"174","Entada polystachya",176095297,"PLANTAE","TRACHEOPHYTA","MAGNOLIOPSIDA","FABALES","FABACEAE","Entada",NA,"(L.) DC.",1000
"175","Enterolobium cyclocarpum",62025161,"PLANTAE","TRACHEOPHYTA","MAGNOLIOPSIDA","FABALES","FABACEAE","Enterolobium",NA,"(Jacq.) Griseb.",1000
"176","Enterolobium schomburgkii",19892027,"PLANTAE","TRACHEOPHYTA","MAGNOLIOPSIDA","FABALES","FABACEAE","Enterolobium",NA,"(Benth.) Benth.",1000
"177","Erythrina berteroana",204910065,"PLANTAE","TRACHEOPHYTA","MAGNOLIOPSIDA","FABALES","FABACEAE","Erythrina","Cosquelite","Urb.",1000
"178","Erythrina edulis",144283929,"PLANTAE","TRACHEOPHYTA","MAGNOLIOPSIDA","FABALES","FABACEAE","Erythrina",NA,"Triana ex Micheli",1000
"179","Erythrina fusca",165431910,"PLANTAE","TRACHEOPHYTA","MAGNOLIOPSIDA","FABALES","FABACEAE","Erythrina",NA,"Lour.",1000
"180","Erythrina poeppigiana",144314476,"PLANTAE","TRACHEOPHYTA","MAGNOLIOPSIDA","FABALES","FABACEAE","Erythrina",NA,"(Walp.) O.F.Cook",1000
"181","Erythrina rubrinervia",129739020,"PLANTAE","TRACHEOPHYTA","MAGNOLIOPSIDA","FABALES","FABACEAE","Erythrina","Palo Sabre","Kunth",1000
"182","Euphorbia cotinifolia",150009321,"PLANTAE","TRACHEOPHYTA","MAGNOLIOPSIDA","MALPIGHIALES","EUPHORBIACEAE","Euphorbia",NA,"L.",1000
"183","Euphorbia tithymaloides",135836706,"PLANTAE","TRACHEOPHYTA","MAGNOLIOPSIDA","MALPIGHIALES","EUPHORBIACEAE","Euphorbia",NA,"L.",1000
"184","Faramea jasminoides",150004475,"PLANTAE","TRACHEOPHYTA","MAGNOLIOPSIDA","GENTIANALES","RUBIACEAE","Faramea",NA,"(Kunth) DC.",1000
"185","Faramea multiflora",145687128,"PLANTAE","TRACHEOPHYTA","MAGNOLIOPSIDA","GENTIANALES","RUBIACEAE","Faramea",NA,"A.Rich.",1000
"186","Fissicalyx fendleri",151944492,"PLANTAE","TRACHEOPHYTA","MAGNOLIOPSIDA","FABALES","FABACEAE","Fissicalyx",NA,"Benth.",1000
"187","Frangula goudotiana",223084626,"PLANTAE","TRACHEOPHYTA","MAGNOLIOPSIDA","ROSALES","RHAMNACEAE","Frangula",NA,"(Triana &amp; Planch.) Grubov",300
"188","Fuchsia boliviana",103127813,"PLANTAE","TRACHEOPHYTA","MAGNOLIOPSIDA","MYRTALES","ONAGRACEAE","Fuchsia",NA,"Carrière",1000
"189","Garcia nutans",38410,"PLANTAE","TRACHEOPHYTA","MAGNOLIOPSIDA","MALPIGHIALES","EUPHORBIACEAE","Garcia",NA,"Vahl ex Rohr",1000
"190","Genipa americana",61958206,"PLANTAE","TRACHEOPHYTA","MAGNOLIOPSIDA","GENTIANALES","RUBIACEAE","Genipa","Jenipapo","L.",1000
"191","Geoffroea spinosa",145691961,"PLANTAE","TRACHEOPHYTA","MAGNOLIOPSIDA","FABALES","FABACEAE","Geoffroea",NA,"Jacq.",1000
"192","Gliricidia sepium",136055124,"PLANTAE","TRACHEOPHYTA","MAGNOLIOPSIDA","FABALES","FABACEAE","Gliricidia",NA,"(Jacq.) Steud.",1000
"193","Gossypium barbadense",71774244,"PLANTAE","TRACHEOPHYTA","MAGNOLIOPSIDA","MALVALES","MALVACEAE","Gossypium",NA,"L.",1000
"194","Gossypium hirsutum",71774532,"PLANTAE","TRACHEOPHYTA","MAGNOLIOPSIDA","MALVALES","MALVACEAE","Gossypium","Cotton","L.",1000
"195","Guazuma ulmifolia",61785778,"PLANTAE","TRACHEOPHYTA","MAGNOLIOPSIDA","MALVALES","MALVACEAE","Guazuma",NA,"Lam.",1000
"196","Hamelia patens",136789578,"PLANTAE","TRACHEOPHYTA","MAGNOLIOPSIDA","GENTIANALES","RUBIACEAE","Hamelia",NA,"Jacq.",1000
"197","Hampea thespesioides",38878,"PLANTAE","TRACHEOPHYTA","MAGNOLIOPSIDA","MALVALES","MALVACEAE","Hampea",NA,"Triana &amp; Planch.",1000
"198","Hasseltia floribunda",149933564,"PLANTAE","TRACHEOPHYTA","MAGNOLIOPSIDA","MALPIGHIALES","SALICACEAE","Hasseltia",NA,"Kunth",3000
"199","Helicteres baruensis",131054250,"PLANTAE","TRACHEOPHYTA","MAGNOLIOPSIDA","MALVALES","MALVACEAE","Helicteres",NA,"Jacq.",1000
"200","Heliocarpus americanus",61785788,"PLANTAE","TRACHEOPHYTA","MAGNOLIOPSIDA","MALVALES","MALVACEAE","Heliocarpus","White Moho","L.",1000
"201","Herrania albiflora",205726486,"PLANTAE","TRACHEOPHYTA","MAGNOLIOPSIDA","MALVALES","MALVACEAE","Herrania","Cacao de Monte","Goudot",1000
"202","Himatanthus articulatus",145696852,"PLANTAE","TRACHEOPHYTA","MAGNOLIOPSIDA","GENTIANALES","APOCYNACEAE","Himatanthus",NA,"(Vahl) Woodson",300
"203","Homalium racemosum",150102919,"PLANTAE","TRACHEOPHYTA","MAGNOLIOPSIDA","MALPIGHIALES","SALICACEAE","Homalium",NA,"Jacq.",3000
"204","Hura crepitans",62003544,"PLANTAE","TRACHEOPHYTA","MAGNOLIOPSIDA","MALPIGHIALES","EUPHORBIACEAE","Hura","Sandbox Tree","L.",1000
"205","Hydrocotyle umbellata",64314702,"PLANTAE","TRACHEOPHYTA","MAGNOLIOPSIDA","APIALES","ARALIACEAE","Hydrocotyle",NA,"L.",300
"206","Hymenaea courbaril",19891869,"PLANTAE","TRACHEOPHYTA","MAGNOLIOPSIDA","FABALES","FABACEAE","Hymenaea",NA,"L.",1000
"207","Inga acuminata",142673434,"PLANTAE","TRACHEOPHYTA","MAGNOLIOPSIDA","FABALES","FABACEAE","Inga","Jama","Benth.",1000
"208","Inga alba",62026232,"PLANTAE","TRACHEOPHYTA","MAGNOLIOPSIDA","FABALES","FABACEAE","Inga","Guabo colorado","(Sw.) Willd.",1000
"209","Inga ciliata",142673871,"PLANTAE","TRACHEOPHYTA","MAGNOLIOPSIDA","FABALES","FABACEAE","Inga",NA,"C.Presl.",1000
"210","Inga cinnamomea",137640585,"PLANTAE","TRACHEOPHYTA","MAGNOLIOPSIDA","FABALES","FABACEAE","Inga",NA,"Spruce ex Benth.",1000
"211","Inga coruscans",137640593,"PLANTAE","TRACHEOPHYTA","MAGNOLIOPSIDA","FABALES","FABACEAE","Inga",NA,"Humb. &amp; Bonpl. ex Willd.",1000
"212","Inga densiflora",19892089,"PLANTAE","TRACHEOPHYTA","MAGNOLIOPSIDA","FABALES","FABACEAE","Inga",NA,"Benth.",1000
"213","Inga edulis",137640618,"PLANTAE","TRACHEOPHYTA","MAGNOLIOPSIDA","FABALES","FABACEAE","Inga","Guama","Mart.",1000
"214","Inga fastuosa",135867902,"PLANTAE","TRACHEOPHYTA","MAGNOLIOPSIDA","FABALES","FABACEAE","Inga",NA,"(Jacq.) Willd.",1000
"215","Inga gracilifolia",142674258,"PLANTAE","TRACHEOPHYTA","MAGNOLIOPSIDA","FABALES","FABACEAE","Inga","Gracefulleaf Inga","Ducke",1000
"216","Inga hayesii",30605,"PLANTAE","TRACHEOPHYTA","MAGNOLIOPSIDA","FABALES","FABACEAE","Inga","Guamo churimo","Benth.",1000
"217","Inga heterophylla",137640637,"PLANTAE","TRACHEOPHYTA","MAGNOLIOPSIDA","FABALES","FABACEAE","Inga","Pacae","Willd.",1000
"218","Inga ingoides",142674422,"PLANTAE","TRACHEOPHYTA","MAGNOLIOPSIDA","FABALES","FABACEAE","Inga","Spanish Ash","(Rich.) Willd.",1000
"219","Inga laurina",136789974,"PLANTAE","TRACHEOPHYTA","MAGNOLIOPSIDA","FABALES","FABACEAE","Inga",NA,"(Sw.) Willd.",1000
"220","Inga marginata",19892587,"PLANTAE","TRACHEOPHYTA","MAGNOLIOPSIDA","FABALES","FABACEAE","Inga",NA,"Willd.",1000
"221","Inga nobilis",137640787,"PLANTAE","TRACHEOPHYTA","MAGNOLIOPSIDA","FABALES","FABACEAE","Inga","Pacaecillo del Canto del Rio","Willd.",1000
"222","Inga oerstediana",136790240,"PLANTAE","TRACHEOPHYTA","MAGNOLIOPSIDA","FABALES","FABACEAE","Inga",NA,"Benth.",1000
"223","Inga punctata",19892091,"PLANTAE","TRACHEOPHYTA","MAGNOLIOPSIDA","FABALES","FABACEAE","Inga",NA,"Willd.",1000
"224","Inga rubiginosa",142674531,"PLANTAE","TRACHEOPHYTA","MAGNOLIOPSIDA","FABALES","FABACEAE","Inga","Guamo Terciopelo","(Rich.) DC.",1000
"225","Inga sapindoides",19891972,"PLANTAE","TRACHEOPHYTA","MAGNOLIOPSIDA","FABALES","FABACEAE","Inga",NA,"Willd.",1000
"226","Inga sertulifera",142674555,"PLANTAE","TRACHEOPHYTA","MAGNOLIOPSIDA","FABALES","FABACEAE","Inga","Bois pagode","DC.",1000
"227","Inga spectabilis",129739032,"PLANTAE","TRACHEOPHYTA","MAGNOLIOPSIDA","FABALES","FABACEAE","Inga","Guaba Machetona","(Vahl) Willd.",1000
"228","Inga vera",136794047,"PLANTAE","TRACHEOPHYTA","MAGNOLIOPSIDA","FABALES","FABACEAE","Inga",NA,"Willd.",1000
"229","Ipomoea alba",126421388,"PLANTAE","TRACHEOPHYTA","MAGNOLIOPSIDA","SOLANALES","CONVOLVULACEAE","Ipomoea","Moonflower","L.",300
"230","Ipomoea batatas",71775024,"PLANTAE","TRACHEOPHYTA","MAGNOLIOPSIDA","SOLANALES","CONVOLVULACEAE","Ipomoea","Sweet Potato","(L.) Lam.",300
"231","Ipomoea tiliacea",20682086,"PLANTAE","TRACHEOPHYTA","MAGNOLIOPSIDA","SOLANALES","CONVOLVULACEAE","Ipomoea",NA,"(Willd.) Choisy",300
"232","Ipomoea trifida",20692355,"PLANTAE","TRACHEOPHYTA","MAGNOLIOPSIDA","SOLANALES","CONVOLVULACEAE","Ipomoea","Torrey's Tievine","(Kunth) G.Don",300
"233","Isertia laevis",145709560,"PLANTAE","TRACHEOPHYTA","MAGNOLIOPSIDA","GENTIANALES","RUBIACEAE","Isertia",NA,"(Triana) B.M.Boom",1000
"234","Jatropha curcas",60649230,"PLANTAE","TRACHEOPHYTA","MAGNOLIOPSIDA","MALPIGHIALES","EUPHORBIACEAE","Jatropha",NA,"L.",1000
"235","Jatropha gossypiifolia",18435590,"PLANTAE","TRACHEOPHYTA","MAGNOLIOPSIDA","MALPIGHIALES","EUPHORBIACEAE","Jatropha",NA,"L.",1000
"236","Lacmellea edulis",151948913,"PLANTAE","TRACHEOPHYTA","MAGNOLIOPSIDA","GENTIANALES","APOCYNACEAE","Lacmellea",NA,"H.Karst.",300
"237","Lacmellea panamensis",176102112,"PLANTAE","TRACHEOPHYTA","MAGNOLIOPSIDA","GENTIANALES","APOCYNACEAE","Lacmellea",NA,"(Woodson) Markgr.",300
"238","Ladenbergia oblongifolia",145704519,"PLANTAE","TRACHEOPHYTA","MAGNOLIOPSIDA","GENTIANALES","RUBIACEAE","Ladenbergia",NA,"(Humb. ex Mutis) L.Andersson",1000
"239","Lafoensia acuminata",145702030,"PLANTAE","TRACHEOPHYTA","MAGNOLIOPSIDA","MYRTALES","LYTHRACEAE","Lafoensia",NA,"(Ruiz &amp; Pav.) DC.",1000
"240","Lafoensia punicifolia",150012848,"PLANTAE","TRACHEOPHYTA","MAGNOLIOPSIDA","MYRTALES","LYTHRACEAE","Lafoensia",NA,"DC.",1000
"241","Leucaena trichodes",62026291,"PLANTAE","TRACHEOPHYTA","MAGNOLIOPSIDA","FABALES","FABACEAE","Leucaena",NA,"(Jacq.) Benth.",1000
"242","Lippia americana",151946121,"PLANTAE","TRACHEOPHYTA","MAGNOLIOPSIDA","LAMIALES","VERBENACEAE","Lippia",NA,"L.",1000
"243","Llagunoa nitida",194013740,"PLANTAE","TRACHEOPHYTA","MAGNOLIOPSIDA","SAPINDALES","SAPINDACEAE","Llagunoa",NA,"Ruiz &amp; Pav.",300
"244","Lonchocarpus atropurpureus",144300950,"PLANTAE","TRACHEOPHYTA","MAGNOLIOPSIDA","FABALES","FABACEAE","Lonchocarpus",NA,"Benth.",1000
"245","Lonchocarpus macrophyllus",145704239,"PLANTAE","TRACHEOPHYTA","MAGNOLIOPSIDA","FABALES","FABACEAE","Lonchocarpus",NA,"Kunth",1000
"246","Ludwigia hyssopifolia",177204,"PLANTAE","TRACHEOPHYTA","MAGNOLIOPSIDA","MYRTALES","ONAGRACEAE","Ludwigia","Seed Box","(G.Don) Exell",1000
"247","Ludwigia leptocarpa",120214361,"PLANTAE","TRACHEOPHYTA","MAGNOLIOPSIDA","MYRTALES","ONAGRACEAE","Ludwigia",NA,"(Nutt.) H.Hara",1000
"248","Ludwigia nervosa",151951509,"PLANTAE","TRACHEOPHYTA","MAGNOLIOPSIDA","MYRTALES","ONAGRACEAE","Ludwigia",NA,"(Poir.) H.Hara",1000
"249","Ludwigia octovalvis",169056,"PLANTAE","TRACHEOPHYTA","MAGNOLIOPSIDA","MYRTALES","ONAGRACEAE","Ludwigia",NA,"(Jacq.) P.H.Raven",1000
"250","Luehea seemannii",151972680,"PLANTAE","TRACHEOPHYTA","MAGNOLIOPSIDA","MALVALES","MALVACEAE","Luehea",NA,"Triana &amp; Planch.",1000
"251","Luehea speciosa",144302578,"PLANTAE","TRACHEOPHYTA","MAGNOLIOPSIDA","MALVALES","MALVACEAE","Luehea",NA,"Willd.",1000
"252","Lunania parviflora",151217306,"PLANTAE","TRACHEOPHYTA","MAGNOLIOPSIDA","MALPIGHIALES","SALICACEAE","Lunania",NA,"Spruce ex Benth.",3000
"253","Mabea montana",149999117,"PLANTAE","TRACHEOPHYTA","MAGNOLIOPSIDA","MALPIGHIALES","EUPHORBIACEAE","Mabea",NA,"Müll.Arg.",1000
"254","Mabea trianae",205243708,"PLANTAE","TRACHEOPHYTA","MAGNOLIOPSIDA","MALPIGHIALES","EUPHORBIACEAE","Mabea",NA,"Pax",1000
"255","Machaerium arboreum",145678440,"PLANTAE","TRACHEOPHYTA","MAGNOLIOPSIDA","FABALES","FABACEAE","Machaerium",NA,"(Jacq.) Vogel",1000
"256","Machaerium biovulatum",146787886,"PLANTAE","TRACHEOPHYTA","MAGNOLIOPSIDA","FABALES","FABACEAE","Machaerium",NA,"Micheli",1000
"257","Machaerium capote",151977507,"PLANTAE","TRACHEOPHYTA","MAGNOLIOPSIDA","FABALES","FABACEAE","Machaerium",NA,"Triana ex Dugand",1000
"258","Machaerium inundatum",170273021,"PLANTAE","TRACHEOPHYTA","MAGNOLIOPSIDA","FABALES","FABACEAE","Machaerium",NA,"(Mart. ex Benth.) Ducke",1000
"259","Machaerium kegelii",146775196,"PLANTAE","TRACHEOPHYTA","MAGNOLIOPSIDA","FABALES","FABACEAE","Machaerium",NA,"Meisn.",1000
"260","Machaerium macrophyllum",170273128,"PLANTAE","TRACHEOPHYTA","MAGNOLIOPSIDA","FABALES","FABACEAE","Machaerium",NA,"Benth.",1000
"261","Machaonia acuminata",146787773,"PLANTAE","TRACHEOPHYTA","MAGNOLIOPSIDA","GENTIANALES","RUBIACEAE","Machaonia",NA,"Bonpl.",1000
"262","Macrocnemum roseum",145697702,"PLANTAE","TRACHEOPHYTA","MAGNOLIOPSIDA","GENTIANALES","RUBIACEAE","Macrocnemum",NA,"(Ruiz &amp; Pav.) Wedd.",1000
"263","Malvaviscus arboreus",136790582,"PLANTAE","TRACHEOPHYTA","MAGNOLIOPSIDA","MALVALES","MALVACEAE","Malvaviscus",NA,"Cav.",1000
"264","Manihot brachyloba",20746835,"PLANTAE","TRACHEOPHYTA","MAGNOLIOPSIDA","MALPIGHIALES","EUPHORBIACEAE","Manihot",NA,"Müll.Arg.",1000
"265","Manihot tristis",20755805,"PLANTAE","TRACHEOPHYTA","MAGNOLIOPSIDA","MALPIGHIALES","EUPHORBIACEAE","Manihot",NA,"Müll.Arg.",1000
"266","Matayba camptoneura",145657622,"PLANTAE","TRACHEOPHYTA","MAGNOLIOPSIDA","SAPINDALES","SAPINDACEAE","Matayba",NA,"Radlk.",300
"267","Matayba scrobiculata",176101755,"PLANTAE","TRACHEOPHYTA","MAGNOLIOPSIDA","SAPINDALES","SAPINDACEAE","Matayba",NA,"Radlk.",300
"268","Matisia cordata",145685660,"PLANTAE","TRACHEOPHYTA","MAGNOLIOPSIDA","MALVALES","MALVACEAE","Matisia",NA,"Bonpl.",1000
"269","Melicoccus bijugatus",179306554,"PLANTAE","TRACHEOPHYTA","MAGNOLIOPSIDA","SAPINDALES","SAPINDACEAE","Melicoccus",NA,"Jacq.",300
"270","Melicoccus oliviformis",210254449,"PLANTAE","TRACHEOPHYTA","MAGNOLIOPSIDA","SAPINDALES","SAPINDACEAE","Melicoccus",NA,"Kunth",300
"271","Melochia pyramidata",131179230,"PLANTAE","TRACHEOPHYTA","MAGNOLIOPSIDA","MALVALES","MALVACEAE","Melochia",NA,"L.",1000
"272","Mimosa colombiana",129134131,"PLANTAE","TRACHEOPHYTA","MAGNOLIOPSIDA","FABALES","FABACEAE","Mimosa",NA,"Britton &amp; Killip",1000
"273","Mimosa pigra",49486238,"PLANTAE","TRACHEOPHYTA","MAGNOLIOPSIDA","FABALES","FABACEAE","Mimosa",NA,"L.",1000
"274","Mimosa pudica",175208,"PLANTAE","TRACHEOPHYTA","MAGNOLIOPSIDA","FABALES","FABACEAE","Mimosa","Sensitive Plant","L.",1000
"275","Morinda royoc",150114919,"PLANTAE","TRACHEOPHYTA","MAGNOLIOPSIDA","GENTIANALES","RUBIACEAE","Morinda",NA,"L.",1000
"276","Myriocarpa longipes",176018507,"PLANTAE","TRACHEOPHYTA","MAGNOLIOPSIDA","ROSALES","URTICACEAE","Myriocarpa",NA,"Liebm.",1000
"277","Myriocarpa stipitata",149573514,"PLANTAE","TRACHEOPHYTA","MAGNOLIOPSIDA","ROSALES","URTICACEAE","Myriocarpa",NA,"Benth.",1000
"278","Myrospermum frutescens",150001045,"PLANTAE","TRACHEOPHYTA","MAGNOLIOPSIDA","FABALES","FABACEAE","Myrospermum",NA,"Jacq.",1000
"279","Myroxylon balsamum",62026528,"PLANTAE","TRACHEOPHYTA","MAGNOLIOPSIDA","FABALES","FABACEAE","Myroxylon","Quina-quina","(L.) Harms",1000
"280","Myrsine coriacea",138237223,"PLANTAE","TRACHEOPHYTA","MAGNOLIOPSIDA","ERICALES","PRIMULACEAE","Myrsine",NA,"(Sw.) R.Br. ex Roem. &amp; Schult.",1000
"281","Myrsine guianensis",205353907,"PLANTAE","TRACHEOPHYTA","MAGNOLIOPSIDA","ERICALES","PRIMULACEAE","Myrsine",NA,"(Aubl.) Kuntze",1000
"282","Myrsine pellucida",194002450,"PLANTAE","TRACHEOPHYTA","MAGNOLIOPSIDA","ERICALES","PRIMULACEAE","Myrsine",NA,"(Ruiz &amp; Pav.) Spreng.",1000
"283","Nerium oleander",202961,"PLANTAE","TRACHEOPHYTA","MAGNOLIOPSIDA","GENTIANALES","APOCYNACEAE","Nerium","Oleander","L.",300
"284","Nymphoides indica",168916,"PLANTAE","TRACHEOPHYTA","MAGNOLIOPSIDA","ASTERALES","MENYANTHACEAE","Nymphoides","Water-snowflake","(L.) Kuntze",1000
"285","Ochroma pyramidale",61786528,"PLANTAE","TRACHEOPHYTA","MAGNOLIOPSIDA","MALVALES","MALVACEAE","Ochroma","Balsa","(Cav. ex Lam.) Urb.",1000
"286","Oldenlandia lancifolia",104182988,"PLANTAE","TRACHEOPHYTA","MAGNOLIOPSIDA","GENTIANALES","RUBIACEAE","Oldenlandia",NA,"(Schumach.) DC.",1000
"287","Oreopanax capitatus",144285786,"PLANTAE","TRACHEOPHYTA","MAGNOLIOPSIDA","APIALES","ARALIACEAE","Oreopanax",NA,"(Jacq.) Decne. &amp; Planch.",300
"288","Ormosia coccinea",62026741,"PLANTAE","TRACHEOPHYTA","MAGNOLIOPSIDA","FABALES","FABACEAE","Ormosia",NA,"(Aubl.) Jacks.",1000
"289","Ormosia macrocalyx",176101048,"PLANTAE","TRACHEOPHYTA","MAGNOLIOPSIDA","FABALES","FABACEAE","Ormosia",NA,"Ducke",1000
"290","Pachira aquatica",146783390,"PLANTAE","TRACHEOPHYTA","MAGNOLIOPSIDA","MALVALES","MALVACEAE","Pachira",NA,"Aubl.",1000
"291","Palicourea calophlebia",240223680,"PLANTAE","TRACHEOPHYTA","MAGNOLIOPSIDA","GENTIANALES","RUBIACEAE","Palicourea",NA,"Standl.",1000
"292","Palicourea guianensis",205386381,"PLANTAE","TRACHEOPHYTA","MAGNOLIOPSIDA","GENTIANALES","RUBIACEAE","Palicourea","Aoquey Blanco","Aubl.",1000
"293","Palicourea ovalis",151965284,"PLANTAE","TRACHEOPHYTA","MAGNOLIOPSIDA","GENTIANALES","RUBIACEAE","Palicourea",NA,"Standl.",1000
"294","Parkinsonia aculeata",82889698,"PLANTAE","TRACHEOPHYTA","MAGNOLIOPSIDA","FABALES","FABACEAE","Parkinsonia","Palo Verde","L.",1000
"295","Parkinsonia praecox",187694738,"PLANTAE","TRACHEOPHYTA","MAGNOLIOPSIDA","FABALES","FABACEAE","Parkinsonia",NA,"(Ruiz &amp; Pav.) Hawkins",1000
"296","Paullinia pterocarpa",189171966,"PLANTAE","TRACHEOPHYTA","MAGNOLIOPSIDA","SAPINDALES","SAPINDACEAE","Paullinia",NA,"Triana &amp; Planch.",300
"297","Pavonia spinifex",144310628,"PLANTAE","TRACHEOPHYTA","MAGNOLIOPSIDA","MALVALES","MALVACEAE","Pavonia",NA,"(L.) Cav.",1000
"298","Petrea pubescens",189176131,"PLANTAE","TRACHEOPHYTA","MAGNOLIOPSIDA","LAMIALES","VERBENACEAE","Petrea",NA,"Turcz.",1000
"299","Phenax angustifolius",176010913,"PLANTAE","TRACHEOPHYTA","MAGNOLIOPSIDA","ROSALES","URTICACEAE","Phenax",NA,"(Kunth) Wedd.",1000
"300","Phyla nodiflora",164053,"PLANTAE","TRACHEOPHYTA","MAGNOLIOPSIDA","LAMIALES","VERBENACEAE","Phyla","Turkey Tangle Frogfruit","(L.) Greene",1000
"301","Physalis angulata",19241191,"PLANTAE","TRACHEOPHYTA","MAGNOLIOPSIDA","SOLANALES","SOLANACEAE","Physalis","Angular Winter-cherry","L.",300
"302","Physalis pubescens",109716665,"PLANTAE","TRACHEOPHYTA","MAGNOLIOPSIDA","SOLANALES","SOLANACEAE","Physalis",NA,"L.",300
"303","Piptocoma discolor",151953875,"PLANTAE","TRACHEOPHYTA","MAGNOLIOPSIDA","ASTERALES","ASTERACEAE","Piptocoma",NA,"(Kunth) Pruski",1000
"304","Pithecellobium dulce",130519803,"PLANTAE","TRACHEOPHYTA","MAGNOLIOPSIDA","FABALES","FABACEAE","Pithecellobium",NA,"(Roxb.) Benth.",1000
"305","Pithecellobium hymenaeifolium",151954025,"PLANTAE","TRACHEOPHYTA","MAGNOLIOPSIDA","FABALES","FABACEAE","Pithecellobium",NA,"(Humb. &amp; Bonpl. ex Willd.) Benth.",1000
"306","Pithecellobium lanceolatum",176095238,"PLANTAE","TRACHEOPHYTA","MAGNOLIOPSIDA","FABALES","FABACEAE","Pithecellobium",NA,"(Humb. &amp; Bonpl. ex Willd.) Benth.",1000
"307","Pittoniotis trichantha",151953801,"PLANTAE","TRACHEOPHYTA","MAGNOLIOPSIDA","GENTIANALES","RUBIACEAE","Pittoniotis",NA,"Griseb.",1000
"308","Plantago major",168960,"PLANTAE","TRACHEOPHYTA","MAGNOLIOPSIDA","LAMIALES","PLANTAGINACEAE","Plantago","Broadleaf Plantain","L.",1000
"309","Platymiscium pinnatum",62027362,"PLANTAE","TRACHEOPHYTA","MAGNOLIOPSIDA","FABALES","FABACEAE","Platymiscium",NA,"(Jacq.) Dugand",1000
"310","Platypodium elegans",19892593,"PLANTAE","TRACHEOPHYTA","MAGNOLIOPSIDA","FABALES","FABACEAE","Platypodium",NA,"Vogel",1000
"311","Pleuropetalum pleiogynum",152000460,"PLANTAE","TRACHEOPHYTA","MAGNOLIOPSIDA","CARYOPHYLLALES","AMARANTHACEAE","Pleuropetalum",NA,"(Kuntze) Standl.",1000
"312","Plumeria pudica",151953739,"PLANTAE","TRACHEOPHYTA","MAGNOLIOPSIDA","GENTIANALES","APOCYNACEAE","Plumeria",NA,"Jacq.",300
"313","Plumeria rubra",144270910,"PLANTAE","TRACHEOPHYTA","MAGNOLIOPSIDA","GENTIANALES","APOCYNACEAE","Plumeria",NA,"L.",300
"314","Poeppigia procera",176093766,"PLANTAE","TRACHEOPHYTA","MAGNOLIOPSIDA","FABALES","FABACEAE","Poeppigia",NA,"(Poepp. ex Spreng.) C.Presl",1000
"315","Pogonopus exsertus",150009232,"PLANTAE","TRACHEOPHYTA","MAGNOLIOPSIDA","GENTIANALES","RUBIACEAE","Pogonopus",NA,"(Oerst.) Oerst.",1000
"316","Portulaca oleracea",164001,"PLANTAE","TRACHEOPHYTA","MAGNOLIOPSIDA","CARYOPHYLLALES","PORTULACACEAE","Portulaca","Common Purslane","L.",1000
"317","Posoqueria coriacea",145666706,"PLANTAE","TRACHEOPHYTA","MAGNOLIOPSIDA","GENTIANALES","RUBIACEAE","Posoqueria",NA,"M.Martens &amp; Galeotti",1000
"318","Posoqueria latifolia",136791302,"PLANTAE","TRACHEOPHYTA","MAGNOLIOPSIDA","GENTIANALES","RUBIACEAE","Posoqueria",NA,"(Rudge) Schult.",1000
"319","Pourouma bicolor",146766080,"PLANTAE","TRACHEOPHYTA","MAGNOLIOPSIDA","ROSALES","URTICACEAE","Pourouma",NA,"Mart.",1000
"320","Pourouma cecropiifolia",145590526,"PLANTAE","TRACHEOPHYTA","MAGNOLIOPSIDA","ROSALES","URTICACEAE","Pourouma",NA,"Mart.",1000
"321","Pouzolzia obliqua",146766083,"PLANTAE","TRACHEOPHYTA","MAGNOLIOPSIDA","ROSALES","URTICACEAE","Pouzolzia",NA,"(Wedd.) Wedd.",1000
"322","Pouzolzia occidentalis",217257673,"PLANTAE","TRACHEOPHYTA","MAGNOLIOPSIDA","ROSALES","URTICACEAE","Pouzolzia",NA,"(Liebm.) Wedd.",1000
"323","Prioria copaifera",62027602,"PLANTAE","TRACHEOPHYTA","MAGNOLIOPSIDA","FABALES","FABACEAE","Prioria",NA,"Griseb.",1000
"324","Prosopis juliflora",49485886,"PLANTAE","TRACHEOPHYTA","MAGNOLIOPSIDA","FABALES","FABACEAE","Prosopis",NA,"(Sw.) DC.",1000
"325","Pseudobombax septenatum",176099194,"PLANTAE","TRACHEOPHYTA","MAGNOLIOPSIDA","MALVALES","MALVACEAE","Pseudobombax",NA,"(Jacq.) Dugand",1000
"326","Psychotria carthagenensis",180261733,"PLANTAE","TRACHEOPHYTA","MAGNOLIOPSIDA","GENTIANALES","RUBIACEAE","Psychotria",NA,"Jacq.",1000
"327","Psychotria grandis",150118750,"PLANTAE","TRACHEOPHYTA","MAGNOLIOPSIDA","GENTIANALES","RUBIACEAE","Psychotria",NA,"Sw.",1000
"328","Psychotria micrantha",151962845,"PLANTAE","TRACHEOPHYTA","MAGNOLIOPSIDA","GENTIANALES","RUBIACEAE","Psychotria",NA,"Kunth",1000
"329","Psychotria nervosa",152910002,"PLANTAE","TRACHEOPHYTA","MAGNOLIOPSIDA","GENTIANALES","RUBIACEAE","Psychotria",NA,"Sw.",1000
"330","Psychotria trichotoma",136791460,"PLANTAE","TRACHEOPHYTA","MAGNOLIOPSIDA","GENTIANALES","RUBIACEAE","Psychotria",NA,"M.Martens &amp; Galeotti",1000
"331","Psychotria viridis",205547526,"PLANTAE","TRACHEOPHYTA","MAGNOLIOPSIDA","GENTIANALES","RUBIACEAE","Psychotria",NA,"Ruiz &amp; Pav.",1000
"332","Pterocarpus acapulcensis",62027788,"PLANTAE","TRACHEOPHYTA","MAGNOLIOPSIDA","FABALES","FABACEAE","Pterocarpus",NA,"Rose",1000
"333","Pterocarpus officinalis",62027812,"PLANTAE","TRACHEOPHYTA","MAGNOLIOPSIDA","FABALES","FABACEAE","Pterocarpus","Bloodwood","Jacq.",1000
"334","Pterocarpus rohrii",62027821,"PLANTAE","TRACHEOPHYTA","MAGNOLIOPSIDA","FABALES","FABACEAE","Pterocarpus",NA,"Vahl",1000
"335","Quararibea asterolepis",136095444,"PLANTAE","TRACHEOPHYTA","MAGNOLIOPSIDA","MALVALES","MALVACEAE","Quararibea",NA,"Pittier",1000
"336","Quassia amara",150011976,"PLANTAE","TRACHEOPHYTA","MAGNOLIOPSIDA","SAPINDALES","SIMAROUBACEAE","Quassia",NA,"L.",300
"337","Randia aculeata",62912,"PLANTAE","TRACHEOPHYTA","MAGNOLIOPSIDA","GENTIANALES","RUBIACEAE","Randia",NA,"L.",1000
"338","Randia armata",150115885,"PLANTAE","TRACHEOPHYTA","MAGNOLIOPSIDA","GENTIANALES","RUBIACEAE","Randia",NA,"(Sw.) DC.",1000
"339","Randia dioica",206257408,"PLANTAE","TRACHEOPHYTA","MAGNOLIOPSIDA","GENTIANALES","RUBIACEAE","Randia","Diente de Perro Grande","H.Karst.",1000
"340","Randia hondensis",151971061,"PLANTAE","TRACHEOPHYTA","MAGNOLIOPSIDA","GENTIANALES","RUBIACEAE","Randia",NA,"H.Karst.",1000
"341","Raritebe palicoureoides",151972344,"PLANTAE","TRACHEOPHYTA","MAGNOLIOPSIDA","GENTIANALES","RUBIACEAE","Raritebe",NA,"Wernham",1000
"342","Rauvolfia littoralis",150010305,"PLANTAE","TRACHEOPHYTA","MAGNOLIOPSIDA","GENTIANALES","APOCYNACEAE","Rauvolfia",NA,"Rusby",300
"343","Rauvolfia tetraphylla",205547543,"PLANTAE","TRACHEOPHYTA","MAGNOLIOPSIDA","GENTIANALES","APOCYNACEAE","Rauvolfia","Veneno de gusano","L.",300
"344","Rhynchosia minima",19379374,"PLANTAE","TRACHEOPHYTA","MAGNOLIOPSIDA","FABALES","FABACEAE","Rhynchosia",NA,"(L.) DC.",1000
"345","Rinorea pubiflora",151966478,"PLANTAE","TRACHEOPHYTA","MAGNOLIOPSIDA","MALPIGHIALES","VIOLACEAE","Rinorea",NA,"(Benth.) Sprague &amp; Sandwith",1000
"346","Rondeletia purdiei",206257461,"PLANTAE","TRACHEOPHYTA","MAGNOLIOPSIDA","GENTIANALES","RUBIACEAE","Rondeletia",NA,"Hook.f.",1000
"347","Rosenbergiodendron formosum",151954283,"PLANTAE","TRACHEOPHYTA","MAGNOLIOPSIDA","GENTIANALES","RUBIACEAE","Rosenbergiodendron",NA,"(Jacq.) Fagerl.",1000
"348","Rudgea crassiloba",145696310,"PLANTAE","TRACHEOPHYTA","MAGNOLIOPSIDA","GENTIANALES","RUBIACEAE","Rudgea",NA,"(Benth.) B.L.Rob.",1000
"349","Sagotia brachysepala",180074191,"PLANTAE","TRACHEOPHYTA","MAGNOLIOPSIDA","MALPIGHIALES","EUPHORBIACEAE","Sagotia",NA,"(Müll.Arg.) Secco",1000
"350","Salacia cordata",151966564,"PLANTAE","TRACHEOPHYTA","MAGNOLIOPSIDA","CELASTRALES","CELASTRACEAE","Salacia",NA,"(Miers) Mennega",1000
"351","Salix humboldtiana",61960315,"PLANTAE","TRACHEOPHYTA","MAGNOLIOPSIDA","MALPIGHIALES","SALICACEAE","Salix",NA,"Willd.",3000
"352","Samanea saman",144255307,"PLANTAE","TRACHEOPHYTA","MAGNOLIOPSIDA","FABALES","FABACEAE","Samanea",NA,"(Jacq.) Merr.",1000
"353","Sapindus saponaria",156771087,"PLANTAE","TRACHEOPHYTA","MAGNOLIOPSIDA","SAPINDALES","SAPINDACEAE","Sapindus","Wingleaf Soapberry","L.",300
"354","Sapium glandulosum",37003,"PLANTAE","TRACHEOPHYTA","MAGNOLIOPSIDA","MALPIGHIALES","EUPHORBIACEAE","Sapium",NA,"(L.) Morong",1000
"355","Schizolobium parahyba",62027898,"PLANTAE","TRACHEOPHYTA","MAGNOLIOPSIDA","FABALES","FABACEAE","Schizolobium",NA,"(Vell.) S.F.Blake",1000
"356","Schoenobiblus peruvianus",145700143,"PLANTAE","TRACHEOPHYTA","MAGNOLIOPSIDA","MALVALES","THYMELAEACEAE","Schoenobiblus",NA,"Standl.",300
"357","Securidaca diversifolia",150102457,"PLANTAE","TRACHEOPHYTA","MAGNOLIOPSIDA","FABALES","POLYGALACEAE","Securidaca",NA,"(L.) S.F.Blake",1000
"358","Senegalia polyphylla",146777781,"PLANTAE","TRACHEOPHYTA","MAGNOLIOPSIDA","FABALES","FABACEAE","Senegalia",NA,"(DC.) Britton &amp; Rose",1000
"359","Senegalia riparia",151963570,"PLANTAE","TRACHEOPHYTA","MAGNOLIOPSIDA","FABALES","FABACEAE","Senegalia","Catch-and-Keep","(Kunth) Britton &amp; Rose ex Britton &amp; Killip",1000
"360","Senna alata",144263375,"PLANTAE","TRACHEOPHYTA","MAGNOLIOPSIDA","FABALES","FABACEAE","Senna",NA,"(L.) Roxb.",1000
"361","Senna atomaria",130524697,"PLANTAE","TRACHEOPHYTA","MAGNOLIOPSIDA","FABALES","FABACEAE","Senna",NA,"(L.) H.S.Irwin &amp; Barneby",1000
"362","Senna bacillaris",145696162,"PLANTAE","TRACHEOPHYTA","MAGNOLIOPSIDA","FABALES","FABACEAE","Senna",NA,"(L.f.) H.S.Irwin &amp; Barneby",1000
"363","Senna bicapsularis",19892212,"PLANTAE","TRACHEOPHYTA","MAGNOLIOPSIDA","FABALES","FABACEAE","Senna","Christmas Bush","(L.) Roxb.",1000
"364","Senna dariensis",62526,"PLANTAE","TRACHEOPHYTA","MAGNOLIOPSIDA","FABALES","FABACEAE","Senna",NA,"(Britton &amp; Rose) Irwin &amp; Barneby",1000
"365","Senna fruticosa",144293020,"PLANTAE","TRACHEOPHYTA","MAGNOLIOPSIDA","FABALES","FABACEAE","Senna",NA,"(Mill.) H.S.Irwin &amp; Barneby",1000
"366","Senna hayesiana",146777662,"PLANTAE","TRACHEOPHYTA","MAGNOLIOPSIDA","FABALES","FABACEAE","Senna",NA,"(Britton &amp; Rose) H.S.Irwin &amp; Barneby",1000
"367","Senna macrophylla",151976013,"PLANTAE","TRACHEOPHYTA","MAGNOLIOPSIDA","FABALES","FABACEAE","Senna",NA,"(Kunth) H.S.Irwin &amp; Barneby",1000
"368","Senna mutisiana",129134192,"PLANTAE","TRACHEOPHYTA","MAGNOLIOPSIDA","FABALES","FABACEAE","Senna","Copo","(Kunth) H.S.Irwin &amp; Barneby",1000
"369","Senna obtusifolia",19375580,"PLANTAE","TRACHEOPHYTA","MAGNOLIOPSIDA","FABALES","FABACEAE","Senna","Sicklepod","(L.) H.S.Irwin &amp; Barneby",1000
"370","Senna occidentalis",130525346,"PLANTAE","TRACHEOPHYTA","MAGNOLIOPSIDA","FABALES","FABACEAE","Senna","Coffee Senna","(L.) Link",1000
"371","Senna reticulata",144286555,"PLANTAE","TRACHEOPHYTA","MAGNOLIOPSIDA","FABALES","FABACEAE","Senna",NA,"(Willd.) H.S.Irwin &amp; Barneby",1000
"372","Senna siamea",62027907,"PLANTAE","TRACHEOPHYTA","MAGNOLIOPSIDA","FABALES","FABACEAE","Senna","Pheasantwood","(Lam.) H.S.Irwin &amp; Barneby",1000
"373","Senna spectabilis",19892105,"PLANTAE","TRACHEOPHYTA","MAGNOLIOPSIDA","FABALES","FABACEAE","Senna",NA,"(DC.) H.S.Irwin & Barneby",1000
"374","Simarouba amara",61966243,"PLANTAE","TRACHEOPHYTA","MAGNOLIOPSIDA","SAPINDALES","SIMAROUBACEAE","Simarouba",NA,"Aubl.",300
"375","Simira cordifolia",145693444,"PLANTAE","TRACHEOPHYTA","MAGNOLIOPSIDA","GENTIANALES","RUBIACEAE","Simira",NA,"(Hook.f.) Steyerm.",1000
"376","Simira rubescens",145667334,"PLANTAE","TRACHEOPHYTA","MAGNOLIOPSIDA","GENTIANALES","RUBIACEAE","Simira",NA,"(Benth.) Bremek. ex Steyerm.",1000
"377","Solanum aturense",146793207,"PLANTAE","TRACHEOPHYTA","MAGNOLIOPSIDA","SOLANALES","SOLANACEAE","Solanum",NA,"Dunal",300
"378","Solanum crotonifolium",169479276,"PLANTAE","TRACHEOPHYTA","MAGNOLIOPSIDA","SOLANALES","SOLANACEAE","Solanum","Frutillo","Humb. &amp; Bonpl. ex Dunal",300
"379","Solanum hazenii",146114755,"PLANTAE","TRACHEOPHYTA","MAGNOLIOPSIDA","SOLANALES","SOLANACEAE","Solanum",NA,"Britton",300
"380","Solanum hirtum",122101475,"PLANTAE","TRACHEOPHYTA","MAGNOLIOPSIDA","SOLANALES","SOLANACEAE","Solanum","Coyol de Gato","Vahl.",300
"381","Solanum jamaicense",150119210,"PLANTAE","TRACHEOPHYTA","MAGNOLIOPSIDA","SOLANALES","SOLANACEAE","Solanum",NA,"Mill.",300
"382","Solanum lepidotum",146777400,"PLANTAE","TRACHEOPHYTA","MAGNOLIOPSIDA","SOLANALES","SOLANACEAE","Solanum",NA,"Dunal",300
"383","Solanum pseudolulo",122101478,"PLANTAE","TRACHEOPHYTA","MAGNOLIOPSIDA","SOLANALES","SOLANACEAE","Solanum",NA,"Heiser",300
"384","Solanum stellatiglandulosum",146119174,"PLANTAE","TRACHEOPHYTA","MAGNOLIOPSIDA","SOLANALES","SOLANACEAE","Solanum",NA,"Bitter",300
"385","Solanum subinerme",146116112,"PLANTAE","TRACHEOPHYTA","MAGNOLIOPSIDA","SOLANALES","SOLANACEAE","Solanum",NA,"Jacq.",300
"386","Solanum umbellatum",220083953,"PLANTAE","TRACHEOPHYTA","MAGNOLIOPSIDA","SOLANALES","SOLANACEAE","Solanum",NA,"Mill.",300
"387","Steiractinia klattii",203440736,"PLANTAE","TRACHEOPHYTA","MAGNOLIOPSIDA","ASTERALES","ASTERACEAE","Steiractinia","Navidad","S.F.Blake",1000
"388","Stenosepala hirsuta",176006626,"PLANTAE","TRACHEOPHYTA","MAGNOLIOPSIDA","GENTIANALES","RUBIACEAE","Stenosepala",NA,"C.H.Perss.",1000
"389","Sterculia apetala",61787794,"PLANTAE","TRACHEOPHYTA","MAGNOLIOPSIDA","MALVALES","MALVACEAE","Sterculia","Panama tree","(Jacq.) H.Karst.",1000
"390","Sterculia colombiana",145658498,"PLANTAE","TRACHEOPHYTA","MAGNOLIOPSIDA","MALVALES","MALVACEAE","Sterculia",NA,"Sprague",1000
"391","Styloceras laurifolium",215000211,"PLANTAE","TRACHEOPHYTA","MAGNOLIOPSIDA","BUXALES","BUXACEAE","Styloceras","Cachitos","(Willd.) Kunth",300
"392","Stylogyne longifolia",180055498,"PLANTAE","TRACHEOPHYTA","MAGNOLIOPSIDA","ERICALES","PRIMULACEAE","Stylogyne",NA,"(Mart. ex Miq.) Mez",1000
"393","Stylogyne micrantha",180055530,"PLANTAE","TRACHEOPHYTA","MAGNOLIOPSIDA","ERICALES","PRIMULACEAE","Stylogyne",NA,"(Kunth) Mez",1000
"394","Stylogyne turbacensis",146767045,"PLANTAE","TRACHEOPHYTA","MAGNOLIOPSIDA","ERICALES","PRIMULACEAE","Stylogyne",NA,"(Kunth) Mez",1000
"395","Swartzia pittieri",205717099,"PLANTAE","TRACHEOPHYTA","MAGNOLIOPSIDA","FABALES","FABACEAE","Swartzia",NA,"Schery",1000
"396","Swartzia simplex",19891498,"PLANTAE","TRACHEOPHYTA","MAGNOLIOPSIDA","FABALES","FABACEAE","Swartzia",NA,"(Sw.) Spreng.",1000
"397","Swartzia trianae",170269395,"PLANTAE","TRACHEOPHYTA","MAGNOLIOPSIDA","FABALES","FABACEAE","Swartzia",NA,"Benth.",1000
"398","Tabernaemontana amygdalifolia",135866221,"PLANTAE","TRACHEOPHYTA","MAGNOLIOPSIDA","GENTIANALES","APOCYNACEAE","Tabernaemontana",NA,"Jacq.",300
"399","Tabernaemontana cymosa",180065182,"PLANTAE","TRACHEOPHYTA","MAGNOLIOPSIDA","GENTIANALES","APOCYNACEAE","Tabernaemontana",NA,"Jacq.",300
"400","Tabernaemontana grandiflora",151967717,"PLANTAE","TRACHEOPHYTA","MAGNOLIOPSIDA","GENTIANALES","APOCYNACEAE","Tabernaemontana",NA,"Jacq.",300
"401","Tabernaemontana markgrafiana",149997627,"PLANTAE","TRACHEOPHYTA","MAGNOLIOPSIDA","GENTIANALES","APOCYNACEAE","Tabernaemontana",NA,"J.F.Macbr.",300
"402","Talisia cerasina",176098779,"PLANTAE","TRACHEOPHYTA","MAGNOLIOPSIDA","SAPINDALES","SAPINDACEAE","Talisia",NA,"(Benth.) Radlk.",300
"403","Tamarindus indica",62020997,"PLANTAE","TRACHEOPHYTA","MAGNOLIOPSIDA","FABALES","FABACEAE","Tamarindus",NA,"L.",1000
"404","Tectona grandis",62019830,"PLANTAE","TRACHEOPHYTA","MAGNOLIOPSIDA","LAMIALES","LAMIACEAE","Tectona","Teak","L.f.",1000
"405","Tessaria integrifolia",150001759,"PLANTAE","TRACHEOPHYTA","MAGNOLIOPSIDA","ASTERALES","ASTERACEAE","Tessaria",NA,"Ruiz &amp; Pav.",1000
"406","Tetrorchidium rubrivenium",144287165,"PLANTAE","TRACHEOPHYTA","MAGNOLIOPSIDA","MALPIGHIALES","EUPHORBIACEAE","Tetrorchidium",NA,"Poepp.",1000
"407","Thevetia ahouai",146786564,"PLANTAE","TRACHEOPHYTA","MAGNOLIOPSIDA","GENTIANALES","APOCYNACEAE","Thevetia",NA,"(L.) A.DC.",300
"408","Triplaris americana",149997105,"PLANTAE","TRACHEOPHYTA","MAGNOLIOPSIDA","CARYOPHYLLALES","POLYGONACEAE","Triplaris",NA,"L.",1000
"409","Triplaris cumingiana",149998765,"PLANTAE","TRACHEOPHYTA","MAGNOLIOPSIDA","CARYOPHYLLALES","POLYGONACEAE","Triplaris",NA,"Fisch. &amp; C.A.Mey.",1000
"410","Triplaris weigeltiana",61956822,"PLANTAE","TRACHEOPHYTA","MAGNOLIOPSIDA","CARYOPHYLLALES","POLYGONACEAE","Triplaris",NA,"(Rchb.) Kuntze",1000
"411","Triumfetta bogotensis",131182519,"PLANTAE","TRACHEOPHYTA","MAGNOLIOPSIDA","MALVALES","MALVACEAE","Triumfetta",NA,"DC.",1000
"412","Triumfetta lappula",131182723,"PLANTAE","TRACHEOPHYTA","MAGNOLIOPSIDA","MALVALES","MALVACEAE","Triumfetta",NA,"L.",1000
"413","Triumfetta semitriloba",101163071,"PLANTAE","TRACHEOPHYTA","MAGNOLIOPSIDA","MALVALES","MALVACEAE","Triumfetta",NA,"Jacq.",1000
"414","Trixis inula",144255700,"PLANTAE","TRACHEOPHYTA","MAGNOLIOPSIDA","ASTERALES","ASTERACEAE","Trixis",NA,"Crantz",1000
"415","Urena lobata",136663001,"PLANTAE","TRACHEOPHYTA","MAGNOLIOPSIDA","MALVALES","MALVACEAE","Urena",NA,"L.",1000
"416","Urera baccifera",145347362,"PLANTAE","TRACHEOPHYTA","MAGNOLIOPSIDA","ROSALES","URTICACEAE","Urera",NA,"(L.) Gaudich. ex Wedd.",1000
"417","Urera caracasana",136778757,"PLANTAE","TRACHEOPHYTA","MAGNOLIOPSIDA","ROSALES","URTICACEAE","Urera",NA,"(Jacq.) Gaudich. ex Griseb.",1000
"418","Urera laciniata",149891251,"PLANTAE","TRACHEOPHYTA","MAGNOLIOPSIDA","ROSALES","URTICACEAE","Urera",NA,"Wedd.",1000
"419","Urera simplex",136778779,"PLANTAE","TRACHEOPHYTA","MAGNOLIOPSIDA","ROSALES","URTICACEAE","Urera",NA,"Wedd.",1000
"420","Urera verrucosa",136778797,"PLANTAE","TRACHEOPHYTA","MAGNOLIOPSIDA","ROSALES","URTICACEAE","Urera",NA,"(Liebm.) V.W.Steinm.",1000
"421","Vachellia farnesiana",18435792,"PLANTAE","TRACHEOPHYTA","MAGNOLIOPSIDA","FABALES","FABACEAE","Vachellia",NA,"(L.) Wight &amp; Arn.",1000
"422","Vachellia macracantha",152908301,"PLANTAE","TRACHEOPHYTA","MAGNOLIOPSIDA","FABALES","FABACEAE","Vachellia",NA,"(Humb. &amp; Bonpl. ex Willd.) Seigler &amp; Ebinger",1000
"423","Vachellia tortuosa",153759223,"PLANTAE","TRACHEOPHYTA","MAGNOLIOPSIDA","FABALES","FABACEAE","Vachellia",NA,"(L.) Seigler &amp; Ebinger",1000
"424","Vallesia glabra",62543,"PLANTAE","TRACHEOPHYTA","MAGNOLIOPSIDA","GENTIANALES","APOCYNACEAE","Vallesia","Pearlberry","(Cav.) Link",300
"425","Verbesina nudipes",240224856,"PLANTAE","TRACHEOPHYTA","MAGNOLIOPSIDA","ASTERALES","ASTERACEAE","Verbesina",NA,"S.F.Blake",1000
"426","Verbesina turbacensis",146793094,"PLANTAE","TRACHEOPHYTA","MAGNOLIOPSIDA","ASTERALES","ASTERACEAE","Verbesina",NA,"Kunth",1000
"427","Vernonanthura patens",136792845,"PLANTAE","TRACHEOPHYTA","MAGNOLIOPSIDA","ASTERALES","ASTERACEAE","Vernonanthura",NA,"(Kunth) H.Rob.",1000
"428","Vigna luteola",170450,"PLANTAE","TRACHEOPHYTA","MAGNOLIOPSIDA","FABALES","FABACEAE","Vigna","Gilibande","(Jacq.) Benth.",1000
"429","Vismia baccifera",136783476,"PLANTAE","TRACHEOPHYTA","MAGNOLIOPSIDA","MALPIGHIALES","HYPERICACEAE","Vismia",NA,"(L.) Planch. &amp; Triana",1000
"430","Vismia macrophylla",151946293,"PLANTAE","TRACHEOPHYTA","MAGNOLIOPSIDA","MALPIGHIALES","HYPERICACEAE","Vismia",NA,"Kunth",1000
"431","Vitex capitata",139819292,"PLANTAE","TRACHEOPHYTA","MAGNOLIOPSIDA","LAMIALES","LAMIACEAE","Vitex",NA,"Vahl",1000
"432","Vitex compressa",139819484,"PLANTAE","TRACHEOPHYTA","MAGNOLIOPSIDA","LAMIALES","LAMIACEAE","Vitex",NA,"Turcz.",1000
"433","Vitex cymosa",151948676,"PLANTAE","TRACHEOPHYTA","MAGNOLIOPSIDA","LAMIALES","LAMIACEAE","Vitex",NA,"Bertero ex Spreng.",1000
"434","Vitex orinocensis",139825306,"PLANTAE","TRACHEOPHYTA","MAGNOLIOPSIDA","LAMIALES","LAMIACEAE","Vitex",NA,"Kunth",1000
"435","Waltheria indica",131182966,"PLANTAE","TRACHEOPHYTA","MAGNOLIOPSIDA","MALVALES","MALVACEAE","Waltheria",NA,"L.",1000
"436","Warszewiczia coccinea",149999880,"PLANTAE","TRACHEOPHYTA","MAGNOLIOPSIDA","GENTIANALES","RUBIACEAE","Warszewiczia",NA,"(Vahl) Klotzsch",1000
"437","Wercklea ferox",151959141,"PLANTAE","TRACHEOPHYTA","MAGNOLIOPSIDA","MALVALES","MALVACEAE","Wercklea",NA,"(Hook.) Fryxell",1000
"438","Witheringia solanacea",151950696,"PLANTAE","TRACHEOPHYTA","MAGNOLIOPSIDA","SOLANALES","SOLANACEAE","Witheringia",NA,"L'Hér.",300
"439","Zanthoxylum acuminatum",135834992,"PLANTAE","TRACHEOPHYTA","MAGNOLIOPSIDA","SAPINDALES","RUTACEAE","Zanthoxylum",NA,"(Sw.) Sw.",300
"440","Zanthoxylum caribaeum",61958856,"PLANTAE","TRACHEOPHYTA","MAGNOLIOPSIDA","SAPINDALES","RUTACEAE","Zanthoxylum","Prickly Yellow","Lam.",300
"441","Zanthoxylum fagara",62988,"PLANTAE","TRACHEOPHYTA","MAGNOLIOPSIDA","SAPINDALES","RUTACEAE","Zanthoxylum",NA,"(L.) Sarg.",300
"442","Zanthoxylum lenticulare",169476414,"PLANTAE","TRACHEOPHYTA","MAGNOLIOPSIDA","SAPINDALES","RUTACEAE","Zanthoxylum",NA,"Reynel",300
"443","Zanthoxylum martinicense",206258159,"PLANTAE","TRACHEOPHYTA","MAGNOLIOPSIDA","SAPINDALES","RUTACEAE","Zanthoxylum","Tonduro","(Lam.) DC.",300
"444","Zanthoxylum rhoifolium",136793249,"PLANTAE","TRACHEOPHYTA","MAGNOLIOPSIDA","SAPINDALES","RUTACEAE","Zanthoxylum",NA,"Lam.",300
"445","Zanthoxylum rigidum",189172480,"PLANTAE","TRACHEOPHYTA","MAGNOLIOPSIDA","SAPINDALES","RUTACEAE","Zanthoxylum",NA,"Humb. &amp; Bonpl. ex Willd.",300
"446","Zanthoxylum schreberi",150109534,"PLANTAE","TRACHEOPHYTA","MAGNOLIOPSIDA","SAPINDALES","RUTACEAE","Zanthoxylum",NA,"(J.F.Gmel.) Reynel ex C.Nelson",300
"447","Zanthoxylum setulosum",145653989,"PLANTAE","TRACHEOPHYTA","MAGNOLIOPSIDA","SAPINDALES","RUTACEAE","Zanthoxylum",NA,"P.Wilson",300
"448","Zapoteca formosa",19891812,"PLANTAE","TRACHEOPHYTA","MAGNOLIOPSIDA","FABALES","FABACEAE","Zapoteca",NA,"(Kunth) H.M.Hern.",1000
"449","Zapoteca tetragona",129739284,"PLANTAE","TRACHEOPHYTA","MAGNOLIOPSIDA","FABALES","FABACEAE","Zapoteca","Carbonero Blanco","(Willd.) H.M.Hern.",1000
"450","Zygia inaequalis",150009735,"PLANTAE","TRACHEOPHYTA","MAGNOLIOPSIDA","FABALES","FABACEAE","Zygia",NA,"(Humb. &amp; Bonpl. ex Willd.) Pittier",1000
"451","Zygia latifolia",205612571,"PLANTAE","TRACHEOPHYTA","MAGNOLIOPSIDA","FABALES","FABACEAE","Zygia",NA,"(L.) Fawc. &amp; Rendle",1000
"452","Zygia longifolia",145697918,"PLANTAE","TRACHEOPHYTA","MAGNOLIOPSIDA","FABALES","FABACEAE","Zygia",NA,"(Humb. &amp; Bonpl. ex Willd.) Britton &amp; Rose",1000
"453","Accipiter bicolor",22695669,"ANIMALIA","CHORDATA","AVES","ACCIPITRIFORMES","ACCIPITRIDAE","Accipiter","Bicolored Hawk","(Vieillot, 1817)",9279.4
"454","Aeronautes montivagus",22686736,"ANIMALIA","CHORDATA","AVES","CAPRIMULGIFORMES","APODIDAE","Aeronautes","White-tipped Swift","(d'Orbigny & Lafresnaye, 1837)",41575.4
"455","Amazilia tzacatl",22730168,"ANIMALIA","CHORDATA","AVES","CAPRIMULGIFORMES","TROCHILIDAE","Amazilia","Rufous-tailed Hummingbird","(de la Llave, 1833)",36510.8
"456","Amazona ochrocephala",22686346,"ANIMALIA","CHORDATA","AVES","PSITTACIFORMES","PSITTACIDAE","Amazona","Yellow-crowned Amazon","(Gmelin, 1788)",11995.2
"457","Anhinga anhinga",22696702,"ANIMALIA","CHORDATA","AVES","SULIFORMES","ANHINGIDAE","Anhinga","Anhinga","(Linnaeus, 1766)",5609.4
"458","Anthracothorax nigricollis",22687130,"ANIMALIA","CHORDATA","AVES","CAPRIMULGIFORMES","TROCHILIDAE","Anthracothorax","Black-throated Mango","(Vieillot, 1817)",38272.4
"459","Ara macao",22685563,"ANIMALIA","CHORDATA","AVES","PSITTACIFORMES","PSITTACIDAE","Ara","Scarlet Macaw","(Linnaeus, 1758)",15224.8
"460","Ara severus",22685577,"ANIMALIA","CHORDATA","AVES","PSITTACIFORMES","PSITTACIDAE","Ara","Chestnut-fronted Macaw","(Linnaeus, 1758)",17573.6
"461","Ardea alba",22697043,"ANIMALIA","CHORDATA","AVES","PELECANIFORMES","ARDEIDAE","Ardea","Great White Egret","Linnaeus, 1758",14784.4
"462","Ardea cocoi",22697001,"ANIMALIA","CHORDATA","AVES","PELECANIFORMES","ARDEIDAE","Ardea","Cocoi Heron","Linnaeus, 1766",14564.2
"463","Ardea herodias",181500967,"ANIMALIA","CHORDATA","AVES","PELECANIFORMES","ARDEIDAE","Ardea","Great Blue Heron","Linnaeus, 1758",18087.4
"464","Arundinicola leucocephala",22700291,"ANIMALIA","CHORDATA","AVES","PASSERIFORMES","TYRANNIDAE","Arundinicola","White-headed Marsh-tyrant","Linnaeus, 1764",985.200000000001
"465","Brotogeris jugularis",22685980,"ANIMALIA","CHORDATA","AVES","PSITTACIFORMES","PSITTACIDAE","Brotogeris","Orange-chinned Parakeet","(Müller, 1776)",22051
"466","Bubulcus ibis",22697109,"ANIMALIA","CHORDATA","AVES","PELECANIFORMES","ARDEIDAE","Bubulcus","Cattle Egret","(Linnaeus, 1758)",13169.6
"467","Burhinus bistriatus",22693594,"ANIMALIA","CHORDATA","AVES","CHARADRIIFORMES","BURHINIDAE","Burhinus","Double-striped Thick-knee","(Wagler, 1829)",23225.4
"468","Buteo nitidus",22727766,"ANIMALIA","CHORDATA","AVES","ACCIPITRIFORMES","ACCIPITRIDAE","Buteo","Grey-lined Hawk","(Latham, 1790)",11408
"469","Buteo swainsoni",22695903,"ANIMALIA","CHORDATA","AVES","ACCIPITRIFORMES","ACCIPITRIDAE","Buteo","Swainson's Hawk","Bonaparte, 1838",25427.4
"470","Buteogallus meridionalis",22695832,"ANIMALIA","CHORDATA","AVES","ACCIPITRIFORMES","ACCIPITRIDAE","Buteogallus","Savanna Hawk","(Latham, 1790)",14050.4
"471","Butorides striata",22728182,"ANIMALIA","CHORDATA","AVES","PELECANIFORMES","ARDEIDAE","Butorides","Green-backed Heron","(Linnaeus, 1758)",13096.2
"472","Cacicus cela",103792683,"ANIMALIA","CHORDATA","AVES","PASSERIFORMES","ICTERIDAE","Cacicus","Yellow-rumped Cacique","(Linnaeus, 1758)",11187.8
"473","Campephilus melanoleucos",22681405,"ANIMALIA","CHORDATA","AVES","PICIFORMES","PICIDAE","Campephilus","Crimson-crested Woodpecker","(Gmelin, 1788)",7297.6
"474","Camptostoma obsoletum",22699182,"ANIMALIA","CHORDATA","AVES","PASSERIFORMES","TYRANNIDAE","Camptostoma","Southern Beardless Tyrannulet","(Temminck, 1824)",3334
"475","Campylorhamphus trochilirostris",22703185,"ANIMALIA","CHORDATA","AVES","PASSERIFORMES","FURNARIIDAE","Campylorhamphus","Red-billed Scythebill","(Lichtenstein, 1820)",2306.4
"476","Campylorhynchus griseus",22711299,"ANIMALIA","CHORDATA","AVES","PASSERIFORMES","TROGLODYTIDAE","Campylorhynchus","Bicolored Wren","(Swainson, 1837)",471.400000000001
"477","Campylorhynchus nuchalis",22711319,"ANIMALIA","CHORDATA","AVES","PASSERIFORMES","TROGLODYTIDAE","Campylorhynchus","Stripe-backed Wren","Cabanis, 1847",1792.6
"478","Campylorhynchus zonatus",22711313,"ANIMALIA","CHORDATA","AVES","PASSERIFORMES","TROGLODYTIDAE","Campylorhynchus","Band-backed Wren","(Lesson, 1832)",471.400000000001
"479","Cantorchilus leucotis",22711467,"ANIMALIA","CHORDATA","AVES","PASSERIFORMES","TROGLODYTIDAE","Cantorchilus","Buff-breasted Wren","(Lafresnaye, 1845)",177.8
"480","Capsiempis flaveola",22699194,"ANIMALIA","CHORDATA","AVES","PASSERIFORMES","TYRANNIDAE","Capsiempis","Yellow Tyrannulet","(Lichtenstein, 1823)",691.600000000001
"481","Cardellina canadensis",22721882,"ANIMALIA","CHORDATA","AVES","PASSERIFORMES","PARULIDAE","Cardellina","Canada Warbler","(Linnaeus, 1766)",10233.6
"482","Cardinalis phoeniceus",22723822,"ANIMALIA","CHORDATA","AVES","PASSERIFORMES","CARDINALIDAE","Cardinalis","Vermilion Cardinal","Bonaparte, 1838",2526.6
"483","Cathartes aura",22697627,"ANIMALIA","CHORDATA","AVES","CATHARTIFORMES","CATHARTIDAE","Cathartes","Turkey Vulture","(Linnaeus, 1758)",10967.6
"484","Cathartes burrovianus",22697630,"ANIMALIA","CHORDATA","AVES","CATHARTIFORMES","CATHARTIDAE","Cathartes","Lesser Yellow-headed Vulture","Cassin, 1845",11408
"485","Catharus aurantiirostris",22708631,"ANIMALIA","CHORDATA","AVES","PASSERIFORMES","TURDIDAE","Catharus","Orange-billed Nightingale-thrush","(Hartlaub, 1850)",3260.6
"486","Catharus minimus",22708658,"ANIMALIA","CHORDATA","AVES","PASSERIFORMES","TURDIDAE","Catharus","Grey-cheeked Thrush","(Lafresnaye, 1848)",13830.2
"487","Catharus ustulatus",103881682,"ANIMALIA","CHORDATA","AVES","PASSERIFORMES","TURDIDAE","Catharus","Russet-backed Thrush","(Nuttall, 1840)",13683.4
"488","Certhiaxis cinnamomeus",22702471,"ANIMALIA","CHORDATA","AVES","PASSERIFORMES","FURNARIIDAE","Certhiaxis","Yellow-chinned Spinetail","(Gmelin, 1788)",1058.6
"489","Chaetura spinicaudus",22686693,"ANIMALIA","CHORDATA","AVES","CAPRIMULGIFORMES","APODIDAE","Chaetura","Band-rumped Swift","(Temminck, 1839)",38859.6
"490","Chalybura buffonii",219586279,"ANIMALIA","CHORDATA","AVES","CAPRIMULGIFORMES","TROCHILIDAE","Chalybura","White-vented Plumeleteer","(Lesson, 1832)",39667
"491","Chauna chavaria",22679726,"ANIMALIA","CHORDATA","AVES","ANSERIFORMES","ANHIMIDAE","Chauna","Northern Screamer","(Linnaeus, 1766)",16766.2
"492","Chloroceryle aenea",22683658,"ANIMALIA","CHORDATA","AVES","CORACIIFORMES","ALCEDINIDAE","Chloroceryle","American Pygmy-kingfisher","(Pallas, 1764)",8985.8
"493","Chloroceryle americana",22683652,"ANIMALIA","CHORDATA","AVES","CORACIIFORMES","ALCEDINIDAE","Chloroceryle","Green Kingfisher","(Gmelin, 1788)",10013.4
"494","Chlorostilbon gibsoni",22687342,"ANIMALIA","CHORDATA","AVES","CAPRIMULGIFORMES","TROCHILIDAE","Chlorostilbon","Red-billed Emerald","(Fraser, 1840)",40327.6
"495","Chondrohierax uncinatus",22694971,"ANIMALIA","CHORDATA","AVES","ACCIPITRIFORMES","ACCIPITRIDAE","Chondrohierax","Hook-billed Kite","(Temminck, 1822)",6637
"496","Chordeiles acutipennis",22689711,"ANIMALIA","CHORDATA","AVES","CAPRIMULGIFORMES","CAPRIMULGIDAE","Chordeiles","Lesser Nighthawk","(Hermann, 1783)",31666.4
"497","Chrysolampis mosquitus",22687160,"ANIMALIA","CHORDATA","AVES","CAPRIMULGIFORMES","TROCHILIDAE","Chrysolampis","Ruby-topaz Hummingbird","(Linnaeus, 1758)",41135
"498","Chrysomus icterocephalus",22724200,"ANIMALIA","CHORDATA","AVES","PASSERIFORMES","ICTERIDAE","Chrysomus","Yellow-hooded Blackbird","(Linnaeus, 1766)",4141.4
"499","Claravis pretiosa",22690809,"ANIMALIA","CHORDATA","AVES","COLUMBIFORMES","COLUMBIDAE","Claravis","Blue Ground-dove","(Ferrari-Pérez, 1886)",10820.8
"500","Cnemotriccus fuscatus",22699748,"ANIMALIA","CHORDATA","AVES","PASSERIFORMES","TYRANNIDAE","Cnemotriccus","Fuscous Flycatcher","(Wied, 1831)",1572.4
"501","Coccyzus americanus",22684331,"ANIMALIA","CHORDATA","AVES","CUCULIFORMES","CUCULIDAE","Coccyzus","Yellow-billed Cuckoo","(Linnaeus, 1758)",22785
"502","Cochlearius cochlearius",22697250,"ANIMALIA","CHORDATA","AVES","PELECANIFORMES","ARDEIDAE","Cochlearius","Boat-billed Heron","(Linnaeus, 1766)",11921.8
"503","Coereba flaveola",22722080,"ANIMALIA","CHORDATA","AVES","PASSERIFORMES","THRAUPIDAE","Coereba","Bananaquit","(Linnaeus, 1758)",5315.8
"504","Colaptes punctigula",22681272,"ANIMALIA","CHORDATA","AVES","PICIFORMES","PICIDAE","Colaptes","Spot-breasted Woodpecker","(Boddaert, 1783)",4875.4
"505","Colinus cristatus",45093141,"ANIMALIA","CHORDATA","AVES","GALLIFORMES","ODONTOPHORIDAE","Colinus","Crested Bobwhite","(Linnaeus, 1766)",10747.4
"506","Columbina minuta",22690779,"ANIMALIA","CHORDATA","AVES","COLUMBIFORMES","COLUMBIDAE","Columbina","Plain-breasted Ground-dove","(Linnaeus, 1766)",4948.8
"507","Columbina passerina",22690774,"ANIMALIA","CHORDATA","AVES","COLUMBIFORMES","COLUMBIDAE","Columbina","Common Ground-dove","(Linnaeus, 1758)",9866.6
"508","Columbina talpacoti",22690784,"ANIMALIA","CHORDATA","AVES","COLUMBIFORMES","COLUMBIDAE","Columbina","Ruddy Ground-dove","(Temminck, 1809)",5829.6
"509","Conirostrum leucogenys",22722086,"ANIMALIA","CHORDATA","AVES","PASSERIFORMES","THRAUPIDAE","Conirostrum","White-eared Conebill","Lafresnaye, 1852",7444.4
"510","Contopus cinereus",103683886,"ANIMALIA","CHORDATA","AVES","PASSERIFORMES","TYRANNIDAE","Contopus","Southern Tropical Pewee","(von Spix, 1825)",7444.4
"511","Contopus virens",22699816,"ANIMALIA","CHORDATA","AVES","PASSERIFORMES","TYRANNIDAE","Contopus","Eastern Wood-pewee","(Linnaeus, 1766)",13977
"512","Coragyps atratus",22697624,"ANIMALIA","CHORDATA","AVES","CATHARTIFORMES","CATHARTIDAE","Coragyps","American Black Vulture","(Bechstein, 1783)",1719.2
"513","Coryphospingus pileatus",22723047,"ANIMALIA","CHORDATA","AVES","PASSERIFORMES","THRAUPIDAE","Coryphospingus","Pileated Finch","(Wied, 1821)",4728.6
"514","Crotophaga ani",22684434,"ANIMALIA","CHORDATA","AVES","CUCULIFORMES","CUCULIDAE","Crotophaga","Smooth-billed Ani","Linnaeus, 1758",9426.2
"515","Crotophaga major",22684431,"ANIMALIA","CHORDATA","AVES","CUCULIFORMES","CUCULIDAE","Crotophaga","Greater Ani","Gmelin, 1788",8618.8
"516","Crotophaga sulcirostris",22684438,"ANIMALIA","CHORDATA","AVES","CUCULIFORMES","CUCULIDAE","Crotophaga","Groove-billed Ani","Swainson, 1827",5389.2
"517","Crypturellus erythropus",22729569,"ANIMALIA","CHORDATA","AVES","STRUTHIONIFORMES","TINAMIDAE","Crypturellus","Red-legged Tinamou","(Pelzeln, 1863)",13316.4
"518","Crypturellus soui",22678169,"ANIMALIA","CHORDATA","AVES","STRUTHIONIFORMES","TINAMIDAE","Crypturellus","Little Tinamou","(Hermann, 1783)",9866.6
"519","Cyclarhis gujanensis",22705124,"ANIMALIA","CHORDATA","AVES","PASSERIFORMES","VIREONIDAE","Cyclarhis","Rufous-browed Peppershrike","(Gmelin, 1789)",2086.2
"520","Dacnis cayana",22722991,"ANIMALIA","CHORDATA","AVES","PASSERIFORMES","THRAUPIDAE","Dacnis","Blue Dacnis","(Linnaeus, 1766)",9352.8
"521","Dacnis lineata",103812237,"ANIMALIA","CHORDATA","AVES","PASSERIFORMES","THRAUPIDAE","Dacnis","Black-faced Dacnis","(Gmelin, 1789)",10013.4
"522","Dendrocincla fuliginosa",22703010,"ANIMALIA","CHORDATA","AVES","PASSERIFORMES","FURNARIIDAE","Dendrocincla","Plain-brown Woodcreeper","(Vieillot, 1818)",4655.2
"523","Dendrocygna autumnalis",22679780,"ANIMALIA","CHORDATA","AVES","ANSERIFORMES","ANATIDAE","Dendrocygna","Black-bellied Whistling-duck","(Linnaeus, 1758)",15224.8
"524","Dromococcyx phasianellus",22684452,"ANIMALIA","CHORDATA","AVES","CUCULIFORMES","CUCULIDAE","Dromococcyx","Pheasant Cuckoo","(Spix, 1824)",10086.8
"525","Egretta caerulea",22696944,"ANIMALIA","CHORDATA","AVES","PELECANIFORMES","ARDEIDAE","Egretta","Little Blue Heron","(Linnaeus, 1758)",19115
"526","Egretta thula",22696974,"ANIMALIA","CHORDATA","AVES","PELECANIFORMES","ARDEIDAE","Egretta","Snowy Egret","(Molina, 1782)",14637.6
"527","Elaenia flavogaster",22699262,"ANIMALIA","CHORDATA","AVES","PASSERIFORMES","TYRANNIDAE","Elaenia","Yellow-bellied Elaenia","(Thunberg, 1822)",3260.6
"528","Empidonax traillii",22699848,"ANIMALIA","CHORDATA","AVES","PASSERIFORMES","TYRANNIDAE","Empidonax","Willow Flycatcher","(Audubon, 1828)",8472
"529","Eucometis penicillata",22722343,"ANIMALIA","CHORDATA","AVES","PASSERIFORMES","THRAUPIDAE","Eucometis","Grey-headed Tanager","(Spix, 1825)",4581.8
"530","Euphonia concinna",22722712,"ANIMALIA","CHORDATA","AVES","PASSERIFORMES","FRINGILLIDAE","Euphonia","Velvet-fronted Euphonia","Sclater, 1855",10013.4
"531","Euphonia laniirostris",22722724,"ANIMALIA","CHORDATA","AVES","PASSERIFORMES","FRINGILLIDAE","Euphonia","Thick-billed Euphonia","d'Orbigny & Lafresnaye, 1837",8398.6
"532","Euphonia trinitatis",22722709,"ANIMALIA","CHORDATA","AVES","PASSERIFORMES","FRINGILLIDAE","Euphonia","Trinidad Euphonia","Strickland, 1851",8692.2
"533","Falco femoralis",22696450,"ANIMALIA","CHORDATA","AVES","FALCONIFORMES","FALCONIDAE","Falco","Aplomado Falcon","Temminck, 1822",23959.4
"534","Falco rufigularis",22696457,"ANIMALIA","CHORDATA","AVES","FALCONIFORMES","FALCONIDAE","Falco","Bat Falcon","Daudin, 1800",20803.2
"535","Falco sparverius",22696395,"ANIMALIA","CHORDATA","AVES","FALCONIFORMES","FALCONIDAE","Falco","American Kestrel","Linnaeus, 1758",23298.8
"536","Florisuga mellivora",22687097,"ANIMALIA","CHORDATA","AVES","CAPRIMULGIFORMES","TROCHILIDAE","Florisuga","White-necked Jacobin","(Linnaeus, 1758)",39740.4
"537","Fluvicola pica",22700274,"ANIMALIA","CHORDATA","AVES","PASSERIFORMES","TYRANNIDAE","Fluvicola","Pied Water-tyrant","(Boddaert, 1783)",3554.2
"538","Forpus conspicillatus",22685937,"ANIMALIA","CHORDATA","AVES","PSITTACIFORMES","PSITTACIDAE","Forpus","Spectacled Parrotlet","(Lafresnaye, 1848)",19408.6
"539","Forpus passerinus",22685926,"ANIMALIA","CHORDATA","AVES","PSITTACIFORMES","PSITTACIDAE","Forpus","Green-rumped Parrotlet","(Linnaeus, 1758)",20656.4
"540","Furnarius leucopus",103670881,"ANIMALIA","CHORDATA","AVES","PASSERIFORMES","FURNARIIDAE","Furnarius","Pale-legged Hornero","Swainson, 1837",3260.6
"541","Galbula ruficauda",22682200,"ANIMALIA","CHORDATA","AVES","PICIFORMES","GALBULIDAE","Galbula","Rufous-tailed Jacamar","Cuvier, 1816",6710.4
"542","Gampsonyx swainsonii",22695025,"ANIMALIA","CHORDATA","AVES","ACCIPITRIFORMES","ELANIDAE","Gampsonyx","Pearl Kite","Vigors, 1825",18014
"543","Geothlypis philadelphia",22721824,"ANIMALIA","CHORDATA","AVES","PASSERIFORMES","PARULIDAE","Geothlypis","Mourning Warbler","(Wilson, 1810)",9793.2
"544","Geranospiza caerulescens",22695729,"ANIMALIA","CHORDATA","AVES","ACCIPITRIFORMES","ACCIPITRIDAE","Geranospiza","Crane Hawk","(Vieillot, 1817)",9132.6
"545","Glaucis hirsutus",22686911,"ANIMALIA","CHORDATA","AVES","CAPRIMULGIFORMES","TROCHILIDAE","Glaucis","Rufous-breasted Hermit","(Gmelin, 1788)",35116.2
"546","Heliomaster longirostris",22688138,"ANIMALIA","CHORDATA","AVES","CAPRIMULGIFORMES","TROCHILIDAE","Heliomaster","Long-billed Starthroat","(Audebert & Vieillot, 1801)",39153.2
"547","Herpetotheres cachinnans",22696267,"ANIMALIA","CHORDATA","AVES","FALCONIFORMES","FALCONIDAE","Herpetotheres","Laughing Falcon","(Linnaeus, 1758)",5095.6
"548","Hypnelus ruficollis",61999582,"ANIMALIA","CHORDATA","AVES","PICIFORMES","BUCCONIDAE","Hypnelus","Russet-throated Puffbird","(Wagler, 1829)",7371
"549","Icterus auricapillus",22724099,"ANIMALIA","CHORDATA","AVES","PASSERIFORMES","ICTERIDAE","Icterus","Orange-crowned Oriole","Cassin, 1848",6930.6
"550","Icterus chrysater",22724084,"ANIMALIA","CHORDATA","AVES","PASSERIFORMES","ICTERIDAE","Icterus","Yellow-backed Oriole","(Lesson, 1844)",4728.6
"551","Icterus galbula",22724126,"ANIMALIA","CHORDATA","AVES","PASSERIFORMES","ICTERIDAE","Icterus","Baltimore Oriole","(Linnaeus, 1758)",11334.6
"552","Icterus icterus",22735310,"ANIMALIA","CHORDATA","AVES","PASSERIFORMES","ICTERIDAE","Icterus","Venezuelan Troupial","(Linnaeus, 1766)",3040.4
"553","Icterus mesomelas",22724096,"ANIMALIA","CHORDATA","AVES","PASSERIFORMES","ICTERIDAE","Icterus","Yellow-tailed Oriole","(Wagler, 1829)",1939.4
"554","Icterus nigrogularis",22724087,"ANIMALIA","CHORDATA","AVES","PASSERIFORMES","ICTERIDAE","Icterus","Yellow Oriole","(Hahn, 1819)",5095.6
"555","Icterus spurius",103793298,"ANIMALIA","CHORDATA","AVES","PASSERIFORMES","ICTERIDAE","Icterus","Orchard Oriole","(Linnaeus, 1766)",10967.6
"556","Ictinia plumbea",22695069,"ANIMALIA","CHORDATA","AVES","ACCIPITRIFORMES","ACCIPITRIDAE","Ictinia","Plumbeous Kite","(Gmelin, 1788)",21904.2
"557","Inezia tenuirostris",22699346,"ANIMALIA","CHORDATA","AVES","PASSERIFORMES","TYRANNIDAE","Inezia","Slender-billed Tyrannulet","Cory, 1913",618.200000000002
"558","Jacana jacana",22693553,"ANIMALIA","CHORDATA","AVES","CHARADRIIFORMES","JACANIDAE","Jacana","Wattled Jacana","(Linnaeus, 1766)",5903
"559","Laterallus albigularis",22692346,"ANIMALIA","CHORDATA","AVES","GRUIFORMES","RALLIDAE","Laterallus","White-throated Crake","(Lawrence, 1861)",3407.4
"560","Legatus leucophaius",22700596,"ANIMALIA","CHORDATA","AVES","PASSERIFORMES","TYRANNIDAE","Legatus","Piratic Flycatcher","(Vieillot, 1818)",9940
"561","Lepidocolaptes souleyetii",22703152,"ANIMALIA","CHORDATA","AVES","PASSERIFORMES","FURNARIIDAE","Lepidocolaptes","Streak-headed Woodcreeper","(Des Murs, 1849)",6710.4
"562","Leptopogon amaurocephalus",22698813,"ANIMALIA","CHORDATA","AVES","PASSERIFORMES","TYRANNIDAE","Leptopogon","Sepia-capped Flycatcher","Tschudi, 1846",4948.8
"563","Leptotila verreauxi",22690854,"ANIMALIA","CHORDATA","AVES","COLUMBIFORMES","COLUMBIDAE","Leptotila","White-tipped Dove","Bonaparte, 1855",7444.4
"564","Leucippus fallax",22687491,"ANIMALIA","CHORDATA","AVES","CAPRIMULGIFORMES","TROCHILIDAE","Leucippus","Buffy Hummingbird","(Bourcier, 1843)",36364
"565","Machetornis rixosa",22700321,"ANIMALIA","CHORDATA","AVES","PASSERIFORMES","TYRANNIDAE","Machetornis","Cattle Tyrant","(Vieillot, 1819)",4435
"566","Manacus manacus",22701112,"ANIMALIA","CHORDATA","AVES","PASSERIFORMES","PIPRIDAE","Manacus","White-bearded Manakin","(Linnaeus, 1766)",2893.6
"567","Megaceryle torquata",22683634,"ANIMALIA","CHORDATA","AVES","CORACIIFORMES","ALCEDINIDAE","Megaceryle","Ringed Kingfisher","(Linnaeus, 1766)",9206
"568","Megarynchus pitangua",22700533,"ANIMALIA","CHORDATA","AVES","PASSERIFORMES","TYRANNIDAE","Megarynchus","Boat-billed Flycatcher","(Linnaeus, 1766)",8325.2
"569","Megascops choliba",22688774,"ANIMALIA","CHORDATA","AVES","STRIGIFORMES","STRIGIDAE","Megascops","Tropical Screech-owl","(Vieillot, 1817)",6637
"570","Melanerpes rubricapillus",22680850,"ANIMALIA","CHORDATA","AVES","PICIFORMES","PICIDAE","Melanerpes","Red-crowned Woodpecker","(Cabanis, 1862)",9426.2
"571","Mesembrinibis cayennensis",22697460,"ANIMALIA","CHORDATA","AVES","PELECANIFORMES","THRESKIORNITHIDAE","Mesembrinibis","Green Ibis","(Gmelin, 1789)",9573
"572","Micrastur semitorquatus",22696291,"ANIMALIA","CHORDATA","AVES","FALCONIFORMES","FALCONIDAE","Micrastur","Collared Forest-falcon","(Vieillot, 1817)",5462.6
"573","Milvago chimachima",22696261,"ANIMALIA","CHORDATA","AVES","FALCONIFORMES","FALCONIDAE","Milvago","Yellow-headed Caracara","(Vieillot, 1816)",13169.6
"574","Mimus gilvus",22711029,"ANIMALIA","CHORDATA","AVES","PASSERIFORMES","MIMIDAE","Mimus","Tropical Mockingbird","(Vieillot, 1808)",7958.2
"575","Mionectes oleagineus",22698796,"ANIMALIA","CHORDATA","AVES","PASSERIFORMES","TYRANNIDAE","Mionectes","Ochre-bellied Flycatcher","(Lichtenstein, 1823)",3774.4
"576","Mniotilta varia",22721758,"ANIMALIA","CHORDATA","AVES","PASSERIFORMES","PARULIDAE","Mniotilta","Black-and-white Warbler","(Linnaeus, 1766)",9940
"577","Molothrus bonariensis",22724345,"ANIMALIA","CHORDATA","AVES","PASSERIFORMES","ICTERIDAE","Molothrus","Shiny Cowbird","(Gmelin, 1789)",11261.2
"578","Momotus subrufescens",61634657,"ANIMALIA","CHORDATA","AVES","CORACIIFORMES","MOMOTIDAE","Momotus","Whooping Motmot","Sclater, 1853",4581.8
"579","Myiarchus crinitus",22700433,"ANIMALIA","CHORDATA","AVES","PASSERIFORMES","TYRANNIDAE","Myiarchus","Great Crested Flycatcher","(Linnaeus, 1758)",6930.6
"580","Myiarchus panamensis",22700411,"ANIMALIA","CHORDATA","AVES","PASSERIFORMES","TYRANNIDAE","Myiarchus","Panama Flycatcher","Lawrence, 1860",3847.8
"581","Myiarchus tuberculifer",22700399,"ANIMALIA","CHORDATA","AVES","PASSERIFORMES","TYRANNIDAE","Myiarchus","Dusky-capped Flycatcher","(d'Orbigny &amp; Lafresnaye, 1837)",5022.2
"582","Myiarchus venezuelensis",22700408,"ANIMALIA","CHORDATA","AVES","PASSERIFORMES","TYRANNIDAE","Myiarchus","Venezuelan Flycatcher","Lawrence, 1865",4068
"583","Myiodynastes maculatus",103682222,"ANIMALIA","CHORDATA","AVES","PASSERIFORMES","TYRANNIDAE","Myiodynastes","Northern Streaked Flycatcher","(Müller, 1776)",6123.2
"584","Myiopagis gaimardii",22699230,"ANIMALIA","CHORDATA","AVES","PASSERIFORMES","TYRANNIDAE","Myiopagis","Forest Elaenia","(d'Orbigny, 1840)",4728.6
"585","Myiopagis viridicata",22699248,"ANIMALIA","CHORDATA","AVES","PASSERIFORMES","TYRANNIDAE","Myiopagis","Greenish Elaenia","(Vieillot, 1817)",5169
"586","Myiothlypis fulvicauda",22722041,"ANIMALIA","CHORDATA","AVES","PASSERIFORMES","PARULIDAE","Myiothlypis","Buff-rumped Warbler","(Spix, 1825)",2453.2
"587","Myiozetetes cayanensis",22700583,"ANIMALIA","CHORDATA","AVES","PASSERIFORMES","TYRANNIDAE","Myiozetetes","Rusty-margined Flycatcher","(Linnaeus, 1766)",2526.6
"588","Myiozetetes granadensis",22700589,"ANIMALIA","CHORDATA","AVES","PASSERIFORMES","TYRANNIDAE","Myiozetetes","Grey-capped Flycatcher","Lawrence, 1862",3113.8
"589","Myiozetetes similis",22700586,"ANIMALIA","CHORDATA","AVES","PASSERIFORMES","TYRANNIDAE","Myiozetetes","Social Flycatcher","(Spix, 1825)",3260.6
"590","Nemosia pileata",22722290,"ANIMALIA","CHORDATA","AVES","PASSERIFORMES","THRAUPIDAE","Nemosia","Hooded Tanager","(Boddaert, 1783)",6049.8
"591","Nomonyx dominicus",22679789,"ANIMALIA","CHORDATA","AVES","ANSERIFORMES","ANATIDAE","Nomonyx","Masked Duck","(Linnaeus, 1766)",21317
"592","Notharchus hyperrhynchus",22733880,"ANIMALIA","CHORDATA","AVES","PICIFORMES","BUCCONIDAE","Notharchus","White-necked Puffbird","(P.L. Sclater, 1856)",10527.2
"593","Nyctibius griseus",22689646,"ANIMALIA","CHORDATA","AVES","CAPRIMULGIFORMES","NYCTIBIIDAE","Nyctibius","Common Potoo","(Gmelin, 1789)",23372.2
"594","Nycticorax nycticorax",22697211,"ANIMALIA","CHORDATA","AVES","PELECANIFORMES","ARDEIDAE","Nycticorax","Black-crowned Night-heron","(Linnaeus, 1758)",15518.4
"595","Nyctidromus albicollis",22689731,"ANIMALIA","CHORDATA","AVES","CAPRIMULGIFORMES","CAPRIMULGIDAE","Nyctidromus","Pauraque","(Gmelin, 1789)",17500.2
"596","Nystalus radiatus",22682261,"ANIMALIA","CHORDATA","AVES","PICIFORMES","BUCCONIDAE","Nystalus","Barred Puffbird","(Sclater, 1854)",7958.2
"597","Oncostoma olivaceum",22699587,"ANIMALIA","CHORDATA","AVES","PASSERIFORMES","TYRANNIDAE","Oncostoma","Southern Bentbill","(Lawrence, 1862)",765.000000000001
"598","Onychorhynchus mexicanus",22729313,"ANIMALIA","CHORDATA","AVES","PASSERIFORMES","TITYRIDAE","Onychorhynchus","Northern Royal Flycatcher","(Sclater, 1857)",5829.6
"599","Pachyramphus cinnamomeus",22700641,"ANIMALIA","CHORDATA","AVES","PASSERIFORMES","TITYRIDAE","Pachyramphus","Cinnamon Becard","Lawrence, 1861",6416.8
"600","Pachyramphus polychopterus",22700647,"ANIMALIA","CHORDATA","AVES","PASSERIFORMES","TITYRIDAE","Pachyramphus","White-winged Becard","(Vieillot, 1818)",7224.2
"601","Pachyramphus rufus",22700664,"ANIMALIA","CHORDATA","AVES","PASSERIFORMES","TITYRIDAE","Pachyramphus","Cinereous Becard","(Boddaert, 1783)",6490.2
"602","Pandion haliaetus",22694938,"ANIMALIA","CHORDATA","AVES","ACCIPITRIFORMES","PANDIONIDAE","Pandion","Osprey","(Linnaeus, 1758)",24179.6
"603","Parkesia noveboracensis",22721793,"ANIMALIA","CHORDATA","AVES","PASSERIFORMES","PARULIDAE","Parkesia","Northern Waterthrush","(Gmelin, 1789)",11775
"604","Patagioenas cayennensis",22690290,"ANIMALIA","CHORDATA","AVES","COLUMBIFORMES","COLUMBIDAE","Patagioenas","Pale-vented Pigeon","Bonnaterre, 1792",16986.4
"605","Patagioenas corensis",22690247,"ANIMALIA","CHORDATA","AVES","COLUMBIFORMES","COLUMBIDAE","Patagioenas","Bare-eyed Pigeon","Jacquin, 1784",16766.2
"606","Patagioenas plumbea",22690321,"ANIMALIA","CHORDATA","AVES","COLUMBIFORMES","COLUMBIDAE","Patagioenas","Plumbeous Pigeon","Vieillot, 1818",16839.6
"607","Penelope purpurascens",22678376,"ANIMALIA","CHORDATA","AVES","GALLIFORMES","CRACIDAE","Penelope","Crested Guan","Wagler, 1830",31.0000000000006
"608","Petrochelidon pyrrhonota",22712427,"ANIMALIA","CHORDATA","AVES","PASSERIFORMES","HIRUNDINIDAE","Petrochelidon","Cliff Swallow","Vieillot, 1817",27189
"609","Phaeomyias murina",103681893,"ANIMALIA","CHORDATA","AVES","PASSERIFORMES","TYRANNIDAE","Phaeomyias","Mouse-colored Tyrannulet","(von Spix, 1825)",2526.6
"610","Phaethornis anthophilus",22686955,"ANIMALIA","CHORDATA","AVES","CAPRIMULGIFORMES","TROCHILIDAE","Phaethornis","Pale-bellied Hermit","(Bourcier, 1843)",34749.2
"611","Phaethornis striigularis",22730147,"ANIMALIA","CHORDATA","AVES","CAPRIMULGIFORMES","TROCHILIDAE","Phaethornis","Stripe-throated Hermit","Gould, 1854",39813.8
"612","Pheucticus ludovicianus",22723813,"ANIMALIA","CHORDATA","AVES","PASSERIFORMES","CARDINALIDAE","Pheucticus","Rose-breasted Grosbeak","(Linnaeus, 1766)",10674
"613","Phimosus infuscatus",22697418,"ANIMALIA","CHORDATA","AVES","PELECANIFORMES","THRESKIORNITHIDAE","Phimosus","Bare-faced Ibis","(Lichtenstein, 1823)",16546
"614","Phyllomyias griseiceps",22699107,"ANIMALIA","CHORDATA","AVES","PASSERIFORMES","TYRANNIDAE","Phyllomyias","Sooty-headed Tyrannulet","(Sclater & Salvin, 1871)",4435
"615","Picumnus cinnamomeus",22680781,"ANIMALIA","CHORDATA","AVES","PICIFORMES","PICIDAE","Picumnus","Chestnut Piculet","Wagler, 1829",2086.2
"616","Picumnus granadensis",22680777,"ANIMALIA","CHORDATA","AVES","PICIFORMES","PICIDAE","Picumnus","Greyish Piculet","Lafresnaye, 1847",3113.8
"617","Picumnus olivaceus",22680774,"ANIMALIA","CHORDATA","AVES","PICIFORMES","PICIDAE","Picumnus","Olivaceous Piculet","Lafresnaye, 1845",2600
"618","Pilherodius pileatus",22696987,"ANIMALIA","CHORDATA","AVES","PELECANIFORMES","ARDEIDAE","Pilherodius","Capped Heron","(Boddaert, 1783)",10233.6
"619","Pionus menstruus",45429607,"ANIMALIA","CHORDATA","AVES","PSITTACIFORMES","PSITTACIDAE","Pionus","Blue-headed Parrot","(Linnaeus, 1766)",16179
"620","Piranga flava",103811599,"ANIMALIA","CHORDATA","AVES","PASSERIFORMES","CARDINALIDAE","Piranga","Red Tanager","(Vieillot, 1822)",8985.8
"621","Piranga olivacea",22722466,"ANIMALIA","CHORDATA","AVES","PASSERIFORMES","CARDINALIDAE","Piranga","Scarlet Tanager","(Gmelin, 1789)",13903.6
"622","Piranga rubra",22722456,"ANIMALIA","CHORDATA","AVES","PASSERIFORMES","CARDINALIDAE","Piranga","Summer Tanager","(Linnaeus, 1758)",12655.8
"623","Pitangus sulphuratus",22700605,"ANIMALIA","CHORDATA","AVES","PASSERIFORMES","TYRANNIDAE","Pitangus","Great Kiskadee","(Linnaeus, 1766)",4508.4
"624","Polioptila plumbea",103882288,"ANIMALIA","CHORDATA","AVES","PASSERIFORMES","POLIOPTILIDAE","Polioptila","Tropical Gnatcatcher","(Gmelin, 1788)",251.200000000001
"625","Progne chalybea",22712110,"ANIMALIA","CHORDATA","AVES","PASSERIFORMES","HIRUNDINIDAE","Progne","Grey-breasted Martin","(Gmelin, 1789)",31446.2
"626","Progne tapera",22712092,"ANIMALIA","CHORDATA","AVES","PASSERIFORMES","HIRUNDINIDAE","Progne","Brown-chested Martin","(Linnaeus, 1766)",27409.2
"627","Protonotaria citrea",22721765,"ANIMALIA","CHORDATA","AVES","PASSERIFORMES","PARULIDAE","Protonotaria","Prothonotary Warbler","(Boddaert, 1783)",13243
"628","Psarocolius decumanus",22723982,"ANIMALIA","CHORDATA","AVES","PASSERIFORMES","ICTERIDAE","Psarocolius","Crested Oropendola","(Pallas, 1769)",9426.2
"629","Pyrocephalus rubinus",103682912,"ANIMALIA","CHORDATA","AVES","PASSERIFORMES","TYRANNIDAE","Pyrocephalus","Common Vermilion Flycatcher","(Boddaert, 1783)",7664.6
"630","Ramphocelus dimidiatus",22722500,"ANIMALIA","CHORDATA","AVES","PASSERIFORMES","THRAUPIDAE","Ramphocelus","Crimson-backed Tanager","Lafresnaye, 1837",2967
"631","Riparia riparia",103815961,"ANIMALIA","CHORDATA","AVES","PASSERIFORMES","HIRUNDINIDAE","Riparia","Collared Sand Martin","(Linnaeus, 1758)",30125
"632","Rostrhamus sociabilis",22695048,"ANIMALIA","CHORDATA","AVES","ACCIPITRIFORMES","ACCIPITRIDAE","Rostrhamus","Snail Kite","(Vieillot, 1817)",19922.4
"633","Rupornis magnirostris",22695880,"ANIMALIA","CHORDATA","AVES","ACCIPITRIFORMES","ACCIPITRIDAE","Rupornis","Roadside Hawk","(Gmelin, 1788)",11775
"634","Saltator coerulescens",103812647,"ANIMALIA","CHORDATA","AVES","PASSERIFORMES","THRAUPIDAE","Saltator","Amazonian Grey Saltator","Vieillot, 1817",1866
"635","Saltator maximus",22723872,"ANIMALIA","CHORDATA","AVES","PASSERIFORMES","THRAUPIDAE","Saltator","Buff-throated Saltator","(Müller, 1776)",3627.6
"636","Saltator orenocensis",22723885,"ANIMALIA","CHORDATA","AVES","PASSERIFORMES","THRAUPIDAE","Saltator","Orinocan Saltator","Lafresnaye, 1846",4288.2
"637","Saltator striatipectus",22731538,"ANIMALIA","CHORDATA","AVES","PASSERIFORMES","THRAUPIDAE","Saltator","Streaked Saltator","Lafresnaye, 1847",2453.2
"638","Sarcoramphus papa",22697645,"ANIMALIA","CHORDATA","AVES","CATHARTIFORMES","CATHARTIDAE","Sarcoramphus","King Vulture","(Linnaeus, 1758)",18821.4
"639","Setophaga castanea",22721734,"ANIMALIA","CHORDATA","AVES","PASSERIFORMES","PARULIDAE","Setophaga","Bay-breasted Warbler","(Wilson, 1810)",13683.4
"640","Setophaga cerulea",22721740,"ANIMALIA","CHORDATA","AVES","PASSERIFORMES","PARULIDAE","Setophaga","Cerulean Warbler","(Wilson, 1810)",15591.8
"641","Setophaga fusca",22721695,"ANIMALIA","CHORDATA","AVES","PASSERIFORMES","PARULIDAE","Setophaga","Blackburnian Warbler","(Müller, 1776)",15004.6
"642","Setophaga pitiayumi",103798640,"ANIMALIA","CHORDATA","AVES","PASSERIFORMES","PARULIDAE","Setophaga","Tropical Parula","(Vieillot, 1817)",5976.4
"643","Setophaga ruticilla",22721762,"ANIMALIA","CHORDATA","AVES","PASSERIFORMES","PARULIDAE","Setophaga","American Redstart","(Linnaeus, 1758)",9279.4
"644","Setophaga striata",22721737,"ANIMALIA","CHORDATA","AVES","PASSERIFORMES","PARULIDAE","Setophaga","Blackpoll Warbler","(Forster, 1772)",14197.2
"645","Sicalis flaveola",22723346,"ANIMALIA","CHORDATA","AVES","PASSERIFORMES","THRAUPIDAE","Sicalis","Saffron Finch","(Linnaeus, 1766)",6343.4
"646","Spiza americana",22723796,"ANIMALIA","CHORDATA","AVES","PASSERIFORMES","CARDINALIDAE","Spiza","Dickcissel","(Gmelin, 1789)",10600.6
"647","Sporophila americana",22733946,"ANIMALIA","CHORDATA","AVES","PASSERIFORMES","THRAUPIDAE","Sporophila","Wing-barred Seedeater","(Gmelin, 1789)",5609.4
"648","Sporophila bouvronides",22723431,"ANIMALIA","CHORDATA","AVES","PASSERIFORMES","THRAUPIDAE","Sporophila","Lesson's Seedeater","(Lesson, 1831)",6783.8
"649","Sporophila intermedia",22723410,"ANIMALIA","CHORDATA","AVES","PASSERIFORMES","THRAUPIDAE","Sporophila","Grey Seedeater","Cabanis, 1851",3334
"650","Sporophila lineola",22723434,"ANIMALIA","CHORDATA","AVES","PASSERIFORMES","THRAUPIDAE","Sporophila","Lined Seedeater","(Linnaeus, 1758)",3994.6
"651","Sporophila minuta",22723478,"ANIMALIA","CHORDATA","AVES","PASSERIFORMES","THRAUPIDAE","Sporophila","Ruddy-breasted Seedeater","(Linnaeus, 1758)",4288.2
"652","Sporophila nigricollis",105963139,"ANIMALIA","CHORDATA","AVES","PASSERIFORMES","THRAUPIDAE","Sporophila","Yellow-bellied Seedeater","(Vieillot, 1823)",2012.8
"653","Sporophila schistacea",22723406,"ANIMALIA","CHORDATA","AVES","PASSERIFORMES","THRAUPIDAE","Sporophila","Slate-colored Seedeater","Lawrence, 1862",9499.6
"654","Stelgidopteryx ruficollis",22712162,"ANIMALIA","CHORDATA","AVES","PASSERIFORMES","HIRUNDINIDAE","Stelgidopteryx","Southern Rough-winged Swallow","(Vieillot, 1817)",29097.4
"655","Streptoprocne zonaris",22686476,"ANIMALIA","CHORDATA","AVES","CAPRIMULGIFORMES","APODIDAE","Streptoprocne","White-collared Swift","(Shaw, 1796)",39446.8
"656","Synallaxis albescens",22702301,"ANIMALIA","CHORDATA","AVES","PASSERIFORMES","FURNARIIDAE","Synallaxis","Pale-breasted Spinetail","Temminck, 1823",1352.2
"657","Synallaxis brachyura",22702308,"ANIMALIA","CHORDATA","AVES","PASSERIFORMES","FURNARIIDAE","Synallaxis","Slaty Spinetail","Lafresnaye, 1843",471.400000000001
"658","Tachycineta albiventer",22712065,"ANIMALIA","CHORDATA","AVES","PASSERIFORMES","HIRUNDINIDAE","Tachycineta","White-winged Swallow","(Boddaert, 1783)",28583.6
"659","Tachyphonus rufus",22722400,"ANIMALIA","CHORDATA","AVES","PASSERIFORMES","THRAUPIDAE","Tachyphonus","White-lined Tanager","(Boddaert, 1783)",3113.8
"660","Tangara cyanicollis",22722915,"ANIMALIA","CHORDATA","AVES","PASSERIFORMES","THRAUPIDAE","Tangara","Blue-necked Tanager","(d'Orbigny &amp; Lafresnaye, 1837)",7297.6
"661","Tangara gyrola",22722878,"ANIMALIA","CHORDATA","AVES","PASSERIFORMES","THRAUPIDAE","Tangara","Bay-headed Tanager","(Linnaeus, 1758)",6710.4
"662","Tangara larvata",22722918,"ANIMALIA","CHORDATA","AVES","PASSERIFORMES","THRAUPIDAE","Tangara","Golden-hooded Tanager","(Du Bus, 1846)",6930.6
"663","Tangara vitriolina",22722897,"ANIMALIA","CHORDATA","AVES","PASSERIFORMES","THRAUPIDAE","Tangara","Scrub Tanager","(Cabanis, 1850)",6563.6
"664","Tapera naevia",22684444,"ANIMALIA","CHORDATA","AVES","CUCULIFORMES","CUCULIDAE","Tapera","Striped Cuckoo","(Linnaeus, 1766)",7958.2
"665","Thalurania colombica",22726696,"ANIMALIA","CHORDATA","AVES","CAPRIMULGIFORMES","TROCHILIDAE","Thalurania","Crowned Woodnymph","(Bourcier, 1843)",41281.8
"666","Thryophilus rufalbus",22711455,"ANIMALIA","CHORDATA","AVES","PASSERIFORMES","TROGLODYTIDAE","Thryophilus","Rufous-and-white Wren","(Lafresnaye, 1845)",31.0000000000006
"667","Tiaris olivaceus",22723603,"ANIMALIA","CHORDATA","AVES","PASSERIFORMES","THRAUPIDAE","Tiaris","Yellow-faced Grassquit","(Linnaeus, 1766)",5095.6
"668","Tigrisoma lineatum",22697269,"ANIMALIA","CHORDATA","AVES","PELECANIFORMES","ARDEIDAE","Tigrisoma","Rufescent Tiger-heron","(Boddaert, 1783)",3554.2
"669","Tityra inquisitor",22700692,"ANIMALIA","CHORDATA","AVES","PASSERIFORMES","TITYRIDAE","Tityra","Black-crowned Tityra","(Lichtenstein, 1823)",10674
"670","Tityra semifasciata",22700689,"ANIMALIA","CHORDATA","AVES","PASSERIFORMES","TITYRIDAE","Tityra","Masked Tityra","(Spix, 1825)",9426.2
"671","Todirostrum cinereum",22699027,"ANIMALIA","CHORDATA","AVES","PASSERIFORMES","TYRANNIDAE","Todirostrum","Common Tody-flycatcher","(Linnaeus, 1766)",2233
"672","Todirostrum nigriceps",22699035,"ANIMALIA","CHORDATA","AVES","PASSERIFORMES","TYRANNIDAE","Todirostrum","Black-headed Tody-flycatcher","Sclater, 1855",3260.6
"673","Tolmomyias sulphurescens",22699605,"ANIMALIA","CHORDATA","AVES","PASSERIFORMES","TYRANNIDAE","Tolmomyias","Yellow-olive Flatbill","(Spix, 1825)",2746.8
"674","Troglodytes aedon",103886826,"ANIMALIA","CHORDATA","AVES","PASSERIFORMES","TROGLODYTIDAE","Troglodytes","House Wren","Vieillot, 1809",691.600000000001
"675","Turdus ignobilis",103890779,"ANIMALIA","CHORDATA","AVES","PASSERIFORMES","TURDIDAE","Turdus","Black-billed Thrush","Sclater, 1857",5462.6
"676","Turdus leucomelas",22708888,"ANIMALIA","CHORDATA","AVES","PASSERIFORMES","TURDIDAE","Turdus","Pale-breasted Thrush","Vieillot, 1818",7664.6
"677","Tyrannulus elatus",22699227,"ANIMALIA","CHORDATA","AVES","PASSERIFORMES","TYRANNIDAE","Tyrannulus","Yellow-crowned Tyrannulet","(Latham, 1790)",5315.8
"678","Tyrannus dominicensis",22700509,"ANIMALIA","CHORDATA","AVES","PASSERIFORMES","TYRANNIDAE","Tyrannus","Grey Kingbird","(Gmelin, 1788)",13316.4
"679","Tyrannus melancholicus",22700485,"ANIMALIA","CHORDATA","AVES","PASSERIFORMES","TYRANNIDAE","Tyrannus","Tropical Kingbird","Vieillot, 1819",8618.8
"680","Tyrannus savana",22700503,"ANIMALIA","CHORDATA","AVES","PASSERIFORMES","TYRANNIDAE","Tyrannus","Fork-tailed Flycatcher","Vieillot, 1808",14711
"681","Tyrannus tyrannus",22700506,"ANIMALIA","CHORDATA","AVES","PASSERIFORMES","TYRANNIDAE","Tyrannus","Eastern Kingbird","(Linnaeus, 1758)",15665.2
"682","Tyto alba",22688504,"ANIMALIA","CHORDATA","AVES","STRIGIFORMES","TYTONIDAE","Tyto","Common Barn-owl","(Scopoli, 1769)",20362.8
"683","Vanellus chilensis",22694075,"ANIMALIA","CHORDATA","AVES","CHARADRIIFORMES","CHARADRIIDAE","Vanellus","Southern Lapwing","(Molina, 1782)",13977
"684","Veniliornis kirkii",22681212,"ANIMALIA","CHORDATA","AVES","PICIFORMES","PICIDAE","Veniliornis","Red-rumped Woodpecker","(Malherbe, 1845)",4068
"685","Vermivora chrysoptera",22721618,"ANIMALIA","CHORDATA","AVES","PASSERIFORMES","PARULIDAE","Vermivora","Golden-winged Warbler","(Linnaeus, 1766)",10233.6
"686","Volatinia jacarina",22723396,"ANIMALIA","CHORDATA","AVES","PASSERIFORMES","THRAUPIDAE","Volatinia","Blue-black Grassquit","(Linnaeus, 1766)",1572.4
"687","Xenops minutus",103670750,"ANIMALIA","CHORDATA","AVES","PASSERIFORMES","FURNARIIDAE","Xenops","White-throated Xenops","(Sparrman, 1788)",5315.8
"688","Xiphorhynchus susurrans",22729055,"ANIMALIA","CHORDATA","AVES","PASSERIFORMES","FURNARIIDAE","Xiphorhynchus","Cocoa Woodcreeper","(Jardine, 1847)",4288.2
"689","Zenaida auriculata",22690747,"ANIMALIA","CHORDATA","AVES","COLUMBIFORMES","COLUMBIDAE","Zenaida","Eared Dove","(Des Murs, 1847)",15224.8
"690","Alouatta seniculus",198676562,"ANIMALIA","CHORDATA","MAMMALIA","PRIMATES","ATELIDAE","Alouatta","Colombian Red Howler Monkey","(Linnaeus, 1766)",10624.62864
"691","Aotus griseimembra",1807,"ANIMALIA","CHORDATA","MAMMALIA","PRIMATES","AOTIDAE","Aotus","Grey-handed Night Monkey","Elliot, 1912",561.8
"692","Aotus lemurinus",1808,"ANIMALIA","CHORDATA","MAMMALIA","PRIMATES","AOTIDAE","Aotus","Colombian Night Monkey","I. Geoffroy, 1846",127.1
"693","Artibeus lituratus",2136,"ANIMALIA","CHORDATA","MAMMALIA","CHIROPTERA","PHYLLOSTOMIDAE","Artibeus","Great Fruit-eating Bat","(Olfers, 1818)",127.1
"694","Artibeus planirostris",2139,"ANIMALIA","CHORDATA","MAMMALIA","CHIROPTERA","PHYLLOSTOMIDAE","Artibeus","Flat-faced Fruit-eating Bat","(Spix, 1823)",127.1
"695","Ateles hybridus",39961,"ANIMALIA","CHORDATA","MAMMALIA","PRIMATES","ATELIDAE","Ateles","Brown Spider Monkey","I. Geoffroy, 1829",10624.62864
"696","Bradypus variegatus",3038,"ANIMALIA","CHORDATA","MAMMALIA","PILOSA","BRADYPODIDAE","Bradypus","Brown-throated Sloth","Schinz, 1825",561.8
"697","Cabassous centralis",3412,"ANIMALIA","CHORDATA","MAMMALIA","CINGULATA","CHLAMYPHORIDAE","Cabassous","Northern Naked-tailed Armadillo","(Miller, 1899)",561.8
"698","Carollia castanea",88110411,"ANIMALIA","CHORDATA","MAMMALIA","CHIROPTERA","PHYLLOSTOMIDAE","Carollia","Chestnut Short-tailed Bat","H. Allen, 1890",127.1
"699","Carollia perspicillata",3905,"ANIMALIA","CHORDATA","MAMMALIA","CHIROPTERA","PHYLLOSTOMIDAE","Carollia","Seba's Short-tailed Bat","(Linnaeus, 1758)",127.1
"700","Cebus albifrons",39951,"ANIMALIA","CHORDATA","MAMMALIA","PRIMATES","CEBIDAE","Cebus","Humboldt's White-fronted Capuchin","(Humboldt, 1812)",561.8
"701","Cebus capucinus",81257277,"ANIMALIA","CHORDATA","MAMMALIA","PRIMATES","CEBIDAE","Cebus","Colombian White-throated Capuchin","(Linnaeus, 1758)",561.8
"702","Cerdocyon thous",4248,"ANIMALIA","CHORDATA","MAMMALIA","CARNIVORA","CANIDAE","Cerdocyon","Crab-eating Fox","(Linnaeus, 1766)",10624.62864
"703","Chironectes minimus",4671,"ANIMALIA","CHORDATA","MAMMALIA","DIDELPHIMORPHIA","DIDELPHIDAE","Chironectes","Water Opossum","(Zimmermann, 1780)",127.1
"704","Choloepus hoffmanni",4778,"ANIMALIA","CHORDATA","MAMMALIA","PILOSA","MEGALONYCHIDAE","Choloepus","Hoffmann's Two-toed Sloth","W. Peters, 1858",561.8
"705","Coendou prehensilis",101228458,"ANIMALIA","CHORDATA","MAMMALIA","RODENTIA","ERETHIZONTIDAE","Coendou","Brazilian Porcupine","(Linnaeus, 1758)",561.8
"706","Coendou rufescens",7010,"ANIMALIA","CHORDATA","MAMMALIA","RODENTIA","ERETHIZONTIDAE","Coendou","Stump-tailed Porcupine","(Gray, 1865)",127.1
"707","Conepatus semistriatus",41633,"ANIMALIA","CHORDATA","MAMMALIA","CARNIVORA","MEPHITIDAE","Conepatus","Striped Hog-nosed Skunk","(Boddaert, 1785)",127.1
"708","Cuniculus paca",699,"ANIMALIA","CHORDATA","MAMMALIA","RODENTIA","CUNICULIDAE","Cuniculus","Paca","(Linnaeus, 1766)",10624.62864
"709","Dasyprocta punctata",89497686,"ANIMALIA","CHORDATA","MAMMALIA","RODENTIA","DASYPROCTIDAE","Dasyprocta","Central American Agouti","Gray, 1842",561.8
"710","Dasypus novemcinctus",6290,"ANIMALIA","CHORDATA","MAMMALIA","CINGULATA","DASYPODIDAE","Dasypus","Nine-banded Armadillo","Linnaeus, 1758",561.8
"711","Didelphis marsupialis",40501,"ANIMALIA","CHORDATA","MAMMALIA","DIDELPHIMORPHIA","DIDELPHIDAE","Didelphis","Common Opossum","Linnaeus, 1758",127.1
"712","Eira barbara",41644,"ANIMALIA","CHORDATA","MAMMALIA","CARNIVORA","MUSTELIDAE","Eira","Tayra","(Linnaeus, 1758)",561.8
"713","Eptesicus brasiliensis",7916,"ANIMALIA","CHORDATA","MAMMALIA","CHIROPTERA","VESPERTILIONIDAE","Eptesicus","Brazilian Brown Bat","(Desmarest, 1819)",127.1
"714","Galictis vittata",41640,"ANIMALIA","CHORDATA","MAMMALIA","CARNIVORA","MUSTELIDAE","Galictis","Greater Grison","(Schreber, 1776)",561.8
"715","Glossophaga longirostris",9275,"ANIMALIA","CHORDATA","MAMMALIA","CHIROPTERA","PHYLLOSTOMIDAE","Glossophaga","Miller's Long-tongued Bat","Miller, 1898",127.1
"716","Glossophaga soricina",9277,"ANIMALIA","CHORDATA","MAMMALIA","CHIROPTERA","PHYLLOSTOMIDAE","Glossophaga","Pallas's Long-tongued Bat","(Pallas, 1766)",127.1
"717","Herpailurus yagouaroundi",9948,"ANIMALIA","CHORDATA","MAMMALIA","CARNIVORA","FELIDAE","Herpailurus","Jaguarundi","(É. Geoffroy Saint-Hilaire, 1803)",10624.62864
"718","Heteromys anomalus",47802541,"ANIMALIA","CHORDATA","MAMMALIA","RODENTIA","HETEROMYIDAE","Heteromys","Caribbean Spiny Pocket Mouse","(Thompson, 1815)",127.1
"719","Heteromys australis",10005,"ANIMALIA","CHORDATA","MAMMALIA","RODENTIA","HETEROMYIDAE","Heteromys","Southern Spiny Pocket Mouse","Thomas, 1901",127.1
"720","Hydrochoerus hydrochaeris",10300,"ANIMALIA","CHORDATA","MAMMALIA","RODENTIA","CAVIIDAE","Hydrochoerus","Capybara","(Linnaeus, 1766)",10624.62864
"721","Hydrochoerus isthmius",136277,"ANIMALIA","CHORDATA","MAMMALIA","RODENTIA","CAVIIDAE","Hydrochoerus","Lesser Capybara","Goldman, 1912",10624.62864
"722","Leopardus pardalis",11509,"ANIMALIA","CHORDATA","MAMMALIA","CARNIVORA","FELIDAE","Leopardus","Ocelot","(Linnaeus, 1758)",10624.62864
"723","Leopardus wiedii",11511,"ANIMALIA","CHORDATA","MAMMALIA","CARNIVORA","FELIDAE","Leopardus","Margay","(Schinz, 1821)",561.8
"724","Macrophyllum macrophyllum",12615,"ANIMALIA","CHORDATA","MAMMALIA","CHIROPTERA","PHYLLOSTOMIDAE","Macrophyllum","Long-legged Bat","(Schinz, 1821)",127.1
"725","Marmosa robinsoni",40506,"ANIMALIA","CHORDATA","MAMMALIA","DIDELPHIMORPHIA","DIDELPHIDAE","Marmosa","Robinson's Mouse Opossum","Bangs, 1898",127.1
"726","Metachirus nudicaudatus",40509,"ANIMALIA","CHORDATA","MAMMALIA","DIDELPHIMORPHIA","DIDELPHIDAE","Metachirus","Brown Four-eyed Opossum","(É. Geoffroy, 1803)",127.1
"727","Molossops temminckii",13643,"ANIMALIA","CHORDATA","MAMMALIA","CHIROPTERA","MOLOSSIDAE","Molossops","Dwarf Dog-faced Bat","(Burmeister, 1854)",127.1
"728","Molossus molossus",13648,"ANIMALIA","CHORDATA","MAMMALIA","CHIROPTERA","MOLOSSIDAE","Molossus","Pallas's Mastiff Bat","(Pallas, 1766)",127.1
"729","Myotis riparius",14195,"ANIMALIA","CHORDATA","MAMMALIA","CHIROPTERA","VESPERTILIONIDAE","Myotis","Riparian Myotis","Handley, 1960",127.1
"730","Myrmecophaga tridactyla",14224,"ANIMALIA","CHORDATA","MAMMALIA","PILOSA","MYRMECOPHAGIDAE","Myrmecophaga","Giant Anteater","Linnaeus, 1758",10624.62864
"731","Nasua nasua",41684,"ANIMALIA","CHORDATA","MAMMALIA","CARNIVORA","PROCYONIDAE","Nasua","South American Coati","(Linnaeus, 1766)",561.8
"732","Noctilio albiventris",14829,"ANIMALIA","CHORDATA","MAMMALIA","CHIROPTERA","NOCTILIONIDAE","Noctilio","Lesser Bulldog Bat","Desmarest, 1818",127.1
"733","Noctilio leporinus",14830,"ANIMALIA","CHORDATA","MAMMALIA","CHIROPTERA","NOCTILIONIDAE","Noctilio","Greater Bulldog Bat","(Linnaeus, 1758)",127.1
"734","Panthera onca",15953,"ANIMALIA","CHORDATA","MAMMALIA","CARNIVORA","FELIDAE","Panthera","Jaguar","(Linnaeus, 1758)",10624.62864
"735","Pecari tajacu",41777,"ANIMALIA","CHORDATA","MAMMALIA","ARTIODACTYLA","TAYASSUIDAE","Pecari","Collared Peccary","(Linnaeus, 1758)",10624.62864
"736","Peropteryx macrotis",16709,"ANIMALIA","CHORDATA","MAMMALIA","CHIROPTERA","EMBALLONURIDAE","Peropteryx","Lesser Dog-like Bat","(Wagner, 1843)",127.1
"737","Phyllostomus discolor",17216,"ANIMALIA","CHORDATA","MAMMALIA","CHIROPTERA","PHYLLOSTOMIDAE","Phyllostomus","Pale Spear-nosed Bat","Wagner, 1843",127.1
"738","Phyllostomus hastatus",17218,"ANIMALIA","CHORDATA","MAMMALIA","CHIROPTERA","PHYLLOSTOMIDAE","Phyllostomus","Greater Spear-nosed Bat","(Pallas, 1767)",127.1
"739","Platyrrhinus helleri",88159886,"ANIMALIA","CHORDATA","MAMMALIA","CHIROPTERA","PHYLLOSTOMIDAE","Platyrrhinus","Heller's Broad-nosed Bat","(Peters, 1866)",127.1
"740","Potos flavus",41679,"ANIMALIA","CHORDATA","MAMMALIA","CARNIVORA","PROCYONIDAE","Potos","Kinkajou","(Schreber, 1774)",561.8
"741","Procyon cancrivorus",41685,"ANIMALIA","CHORDATA","MAMMALIA","CARNIVORA","PROCYONIDAE","Procyon","Crab-eating Raccoon","(G.[Baron] Cuvier, 1798)",10624.62864
"742","Procyon lotor",41686,"ANIMALIA","CHORDATA","MAMMALIA","CARNIVORA","PROCYONIDAE","Procyon","Northern Raccoon","(Linnaeus, 1758)",10624.62864
"743","Puma concolor",18868,"ANIMALIA","CHORDATA","MAMMALIA","CARNIVORA","FELIDAE","Puma","Puma","(Linnaeus, 1771)",10624.62864
"744","Rhogeessa io",88151760,"ANIMALIA","CHORDATA","MAMMALIA","CHIROPTERA","VESPERTILIONIDAE","Rhogeessa","Thomas's Yellow Bat","Thomas, 1903",127.1
"745","Rhynchonycteris naso",19714,"ANIMALIA","CHORDATA","MAMMALIA","CHIROPTERA","EMBALLONURIDAE","Rhynchonycteris","Proboscis Bat","(Wied-Neuwied, 1820)",127.1
"746","Saccopteryx bilineata",19804,"ANIMALIA","CHORDATA","MAMMALIA","CHIROPTERA","EMBALLONURIDAE","Saccopteryx","Greater Sac-winged Bat","(Temminck, 1838)",127.1
"747","Saccopteryx canescens",19805,"ANIMALIA","CHORDATA","MAMMALIA","CHIROPTERA","EMBALLONURIDAE","Saccopteryx","Frosted Sac-winged Bat","Thomas, 1901",127.1
"748","Saccopteryx leptura",19807,"ANIMALIA","CHORDATA","MAMMALIA","CHIROPTERA","EMBALLONURIDAE","Saccopteryx","Lesser Sac-winged Bat","(Schreber, 1774)",127.1
"749","Saguinus oedipus",19823,"ANIMALIA","CHORDATA","MAMMALIA","PRIMATES","CALLITRICHIDAE","Saguinus","Cotton-headed Tamarin","(Linnaeus, 1758)",127.1
"750","Sigmodon hirsutus",136426,"ANIMALIA","CHORDATA","MAMMALIA","RODENTIA","CRICETIDAE","Sigmodon","Southern Cotton Rat","(Burmeister, 1854)",127.1
"751","Sturnira lilium",88159688,"ANIMALIA","CHORDATA","MAMMALIA","CHIROPTERA","PHYLLOSTOMIDAE","Sturnira","Little Yellow-shouldered Bat","(É. Geoffroy, 1810)",127.1
"752","Sylvilagus brasiliensis",87491102,"ANIMALIA","CHORDATA","MAMMALIA","LAGOMORPHA","LEPORIDAE","Sylvilagus","Tapeti","(Linnaeus, 1758)",127.1
"753","Sylvilagus floridanus",41299,"ANIMALIA","CHORDATA","MAMMALIA","LAGOMORPHA","LEPORIDAE","Sylvilagus","Eastern Cottontail","(J.A. Allen, 1890)",127.1
"754","Tamandua mexicana",21349,"ANIMALIA","CHORDATA","MAMMALIA","PILOSA","MYRMECOPHAGIDAE","Tamandua","Northern Tamandua","(Saussure, 1860)",561.8
"755","Urocyon cinereoargenteus",22780,"ANIMALIA","CHORDATA","MAMMALIA","CARNIVORA","CANIDAE","Urocyon","Grey Fox","(Schreber, 1775)",561.8
"756","Uroderma bilobatum",22782,"ANIMALIA","CHORDATA","MAMMALIA","CHIROPTERA","PHYLLOSTOMIDAE","Uroderma","Tent-making Bat","Peters, 1866",127.1
"757","Uroderma magnirostrum",22783,"ANIMALIA","CHORDATA","MAMMALIA","CHIROPTERA","PHYLLOSTOMIDAE","Uroderma","Brown Tent-making Bat","Davis, 1968",127.1
